Description,Price,Rating,ReviewCount,Url
Digimon: The Official Seasons 1-4 Collection,$105.00,4.6 out of 5 stars,331,https://www.amazon.com/Digimon-Official-Seasons-1-4-Collection/dp/B00DYEBLYI/ref=sr_1_1?dchild=1&keywords=digimon+anime&qid=1606435188&sr=8-1
Digimon Adventure: Last Evolution Kizuna [Blu-ray],$16.87,4.9 out of 5 stars,415,https://www.amazon.com/Digimon-Adventure-Evolution-Kizuna-Blu-ray/dp/B087CSZ93R/ref=sr_1_2?dchild=1&keywords=digimon+anime&qid=1606435188&sr=8-2
Digimon Adventure: Volume 1,$12.99,4.8 out of 5 stars,121,https://www.amazon.com/Digimon-Adventure-1-Motoko-Kumai/dp/B008V8NQU4/ref=sr_1_3?dchild=1&keywords=digimon+anime&qid=1606435188&sr=8-3
Digimon Adventure: Volume 2,$7.50,4.8 out of 5 stars,120,https://www.amazon.com/Digimon-Adventure-2-Motoko-Kumai/dp/B009O07NDO/ref=sr_1_4?dchild=1&keywords=digimon+anime&qid=1606435188&sr=8-4
Digimon: Digital Monsters - The Official Second Season,$49.98,4.8 out of 5 stars,194,https://www.amazon.com/Digimon-Digital-Monsters-Official-Second/dp/B00A7GWGLS/ref=sr_1_5?dchild=1&keywords=digimon+anime&qid=1606435188&sr=8-5
The Official Digimon Adventure: Volume 3,$11.95,4.7 out of 5 stars,97,https://www.amazon.com/Official-Digimon-Adventure-3/dp/B00B9LNPH4/ref=sr_1_6?dchild=1&keywords=digimon+anime&qid=1606435188&sr=8-6
Digimon Adventure Tri.: Reunion (Bluray/DVD Combo) [Blu-ray],$14.97,4.7 out of 5 stars,157,https://www.amazon.com/Digimon-Adventure-Tri-Reunion-Blu-ray/dp/B06VSW8VLQ/ref=sr_1_7?dchild=1&keywords=digimon+anime&qid=1606435188&sr=8-7
Digimon Adventure tri.: The Complete 6-Film Collection (Blu-ray),$56.45,4.8 out of 5 stars,318,https://www.amazon.com/Digimon-Adventure-tri-Collection-Blu-ray/dp/B07J35QFQM/ref=sr_1_8?dchild=1&keywords=digimon+anime&qid=1606435188&sr=8-8
Digimon Adventure Tri.: Determination (Bluray/DVD Combo) [Blu-ray],$11.49,4.7 out of 5 stars,208,https://www.amazon.com/Digimon-Adventure-Tri-Determination-Blu-ray/dp/B0711CPGYL/ref=sr_1_9?dchild=1&keywords=digimon+anime&qid=1606435188&sr=8-9
Limited Anime Digimon Adventure Taichi Agumon Yamato Sora Takeru Hikari Digivice Keychain Sa Cosplay Props Gifts,$21.96,5.0 out of 5 stars,7,https://www.amazon.com/Limited-Digimon-Adventure-Digivice-Keychain/dp/B089D3M6XN/ref=sr_1_10?dchild=1&keywords=digimon+anime&qid=1606435188&sr=8-10
Digimon Adventure tri: Loss [Blu-ray],$8.99,4.8 out of 5 stars,203,https://www.amazon.com/Digimon-Adventure-tri-Loss-Blu-ray/dp/B0794L61NC/ref=sr_1_11?dchild=1&keywords=digimon+anime&qid=1606435188&sr=8-11
Digimon Fusion,$17.17,4.7 out of 5 stars,47,https://www.amazon.com/Digimon-Fusion-None/dp/B00PLYU726/ref=sr_1_12?dchild=1&keywords=digimon+anime&qid=1606435188&sr=8-12
Digimon Adventure tri.: Future [Blu-ray],$11.99,4.9 out of 5 stars,126,https://www.amazon.com/Digimon-Adventure-tri-Future-Blu-ray/dp/B07H62PHMN/ref=sr_1_13?dchild=1&keywords=digimon+anime&qid=1606435188&sr=8-13
Digimon Adventure: Volume 6,$19.95,4.6 out of 5 stars,29,https://www.amazon.com/Digimon-Adventure-6-Motoko-Kumai/dp/B00GOT1DNO/ref=sr_1_16?dchild=1&keywords=digimon+anime&qid=1606435188&sr=8-16
Digimon Adventure tri: Reunion,$3.99,4.7 out of 5 stars,2015,https://www.amazon.com/Digimon-Adventure-Johnny-Yong-Bosch/dp/B071VM4J7Y/ref=sr_1_18?dchild=1&keywords=digimon+anime&qid=1606435188&sr=8-18
Digimon Adventure: Volume 5,$19.95,4.7 out of 5 stars,36,https://www.amazon.com/Digimon-Adventure-5-Motoko-Kumai/dp/B00FGVRZGK/ref=sr_1_21?dchild=1&keywords=digimon+anime&qid=1606435188&sr=8-21
Digimon Adventure tri.: Coexistence,$6.99,4.8 out of 5 stars,149,https://www.amazon.com/Digimon-Adventure-tri-Coexistence-Various/dp/B07D35BG4K/ref=sr_1_22?dchild=1&keywords=digimon+anime&qid=1606435188&sr=8-22
The Amethyst Panda: A Monster Catching Gamelit Adventure (Maiyamon Book 2),$0.00,4.3 out of 5 stars,6,https://www.amazon.com/Amethyst-Panda-Catching-Adventure-Maiyamon-ebook/dp/B08JKXHT4P/ref=sr_1_24?dchild=1&keywords=digimon+anime&qid=1606435188&sr=8-24
Digimon Data Squad: Collection One,$31.98,4.4 out of 5 stars,35,https://www.amazon.com/Digimon-Data-Squad-Collection-One/dp/B001UJUH1C/ref=sr_1_27?dchild=1&keywords=digimon+anime&qid=1606435188&sr=8-27
Digimon Anime Fabric Wall Scroll Poster (16 x 22) Inches,$22.99,,,https://www.amazon.com/Digimon-Anime-Fabric-Wall-Scroll/dp/B00EN33OLW/ref=sr_1_28?dchild=1&keywords=digimon+anime&qid=1606435188&sr=8-28
Digimon Adventure Tri Part 5 Coexistence | Anime | NON-USA Format | Region B Import - Australia,$20.01,,,https://www.amazon.com/Digimon-Adventure-Coexistence-NON-USA-Format/dp/B07GW2LXFZ/ref=sr_1_29?dchild=1&keywords=digimon+anime&qid=1606435188&sr=8-29
"Digimon Fusion: Season 1, Volume 1",$9.48,4.6 out of 5 stars,23,https://www.amazon.com/Digimon-Fusion-Season-1/dp/B00ZE4ZY9Y/ref=sr_1_30?dchild=1&keywords=digimon+anime&qid=1606435188&sr=8-30
Digimon World: Next Order - PlayStation 4,$23.45,4.5 out of 5 stars,"Jan 31, 2017",https://www.amazon.com/Digimon-World-Next-Order-PlayStation-4/dp/B01LZ4MLV8/ref=sr_1_31?dchild=1&keywords=digimon+anime&qid=1606435188&sr=8-31
Anime Digimon Adventure Tri WarGreymon 925 Sterling Silver Ring Gift (Gold),$26.00,3.7 out of 5 stars,7,https://www.amazon.com/Shopular-Digimon-Adventure-WarGreymon-Sterling/dp/B0775NXCN3/ref=sr_1_32?dchild=1&keywords=digimon+anime&qid=1606435188&sr=8-32
Anime Digimon Adventure Tri MetalGarurumon 925 Sterling Silver Ring Gift (Silver),$33.00,3.3 out of 5 stars,2,https://www.amazon.com/Digimon-Adventure-MetalGarurumon-Sterling-Silver/dp/B0775RFJMP/ref=sr_1_33?dchild=1&keywords=digimon+anime&qid=1606435188&sr=8-33
Digimon Adventure Tri Part 4 Loss | Anime | NON-USA Format | PAL | Region 4 Import - Australia,$20.01,4.9 out of 5 stars,73,https://www.amazon.com/Digimon-Adventure-NON-USA-Format-Region/dp/B07CXYN8ZR/ref=sr_1_34?dchild=1&keywords=digimon+anime&qid=1606435188&sr=8-34
Digimon - The Digidestined Child [VHS],$10.50,2.8 out of 5 stars,7,https://www.amazon.com/Digimon-Digidestined-Child-Jane-Alan/dp/B00004YZEK/ref=sr_1_35?dchild=1&keywords=digimon+anime&qid=1606435188&sr=8-35
Digimon - Season 1,$24.98,4.4 out of 5 stars,26,https://www.amazon.com/Digimon-Season-1-Jane-Alan/dp/B00005221P/ref=sr_1_36?dchild=1&keywords=digimon+anime&qid=1606435188&sr=8-36
Fate Extella Link Standard Edition Nintendo Switch,$26.88,4.6 out of 5 stars,"Mar 12, 2019",https://www.amazon.com/Fate-Extella-Link-Standard-Nintendo-Switch/dp/B07K42B5BP/ref=sr_1_38?dchild=1&keywords=digimon+anime&qid=1606435188&sr=8-38
Digimon Adventure Tri: Complete Series | Anime | 6 Discs | NON USA Format | Region 4 Import - Australia,$54.06,,,https://www.amazon.com/Digimon-Adventure-Tri-Complete-Australia/dp/B084B84HKD/ref=sr_1_39?dchild=1&keywords=digimon+anime&qid=1606435188&sr=8-39
Digimon Adventure Tri. Part 3 Confession | Anime | NON-USA Format | PAL Region 4 Import - Australia,$23.64,,,https://www.amazon.com/Digimon-Adventure-Confession-NON-USA-Format/dp/B07923YG69/ref=sr_1_42?dchild=1&keywords=digimon+anime&qid=1606435188&sr=8-42
Digimon Anime Fabric Wall Scroll Poster (32 x 45) Inches,$28.99,5.0 out of 5 stars,1,https://www.amazon.com/Digimon-Anime-Fabric-Wall-Scroll/dp/B00EN33OOO/ref=sr_1_43?dchild=1&keywords=digimon+anime&qid=1606435188&sr=8-43
Digimon Adventure Tri Part 2 Determination | Anime | NON-USA Format | PAL | Region 4 Import - Australia,$23.64,,,https://www.amazon.com/Digimon-Adventure-Determination-NON-USA-Format/dp/B0788BR8BF/ref=sr_1_44?dchild=1&keywords=digimon+anime&qid=1606435188&sr=8-44
Digimon Adventure Tri. Part 1 Reunion | Anime Manga | NON-USA Format | PAL | Region 4 Import - Australia,$23.25,4.6 out of 5 stars,53,https://www.amazon.com/Digimon-Adventure-Reunion-NON-USA-Format/dp/B075K4CTN9/ref=sr_1_46?dchild=1&keywords=digimon+anime&qid=1606435188&sr=8-46
DIGIMON ADVENTURE TRI.-CH - MO [DVD] [2018],$33.28,4.8 out of 5 stars,129,https://www.amazon.com/DIGIMON-ADVENTURE-TRI-CH-MO-DVD/dp/B07PKBF3LZ/ref=sr_1_48?dchild=1&keywords=digimon+anime&qid=1606435188&sr=8-48
Digimon: The Official Seasons 1-4 Collection,$105.00,4.6 out of 5 stars,331,https://www.amazon.com/Digimon-Official-Seasons-1-4-Collection/dp/B00DYEBLYI/ref=sr_1_1?dchild=1&keywords=digimon+anime&qid=1606435200&sr=8-1
Digimon Adventure: Last Evolution Kizuna [Blu-ray],$16.87,4.9 out of 5 stars,415,https://www.amazon.com/Digimon-Adventure-Evolution-Kizuna-Blu-ray/dp/B087CSZ93R/ref=sr_1_2?dchild=1&keywords=digimon+anime&qid=1606435200&sr=8-2
Digimon Adventure: Volume 1,$12.99,4.8 out of 5 stars,121,https://www.amazon.com/Digimon-Adventure-1-Motoko-Kumai/dp/B008V8NQU4/ref=sr_1_3?dchild=1&keywords=digimon+anime&qid=1606435200&sr=8-3
Digimon Adventure: Volume 2,$7.50,4.8 out of 5 stars,120,https://www.amazon.com/Digimon-Adventure-2-Motoko-Kumai/dp/B009O07NDO/ref=sr_1_4?dchild=1&keywords=digimon+anime&qid=1606435200&sr=8-4
Digimon: Digital Monsters - The Official Second Season,$49.98,4.8 out of 5 stars,194,https://www.amazon.com/Digimon-Digital-Monsters-Official-Second/dp/B00A7GWGLS/ref=sr_1_5?dchild=1&keywords=digimon+anime&qid=1606435200&sr=8-5
The Official Digimon Adventure: Volume 3,$11.95,4.7 out of 5 stars,97,https://www.amazon.com/Official-Digimon-Adventure-3/dp/B00B9LNPH4/ref=sr_1_6?dchild=1&keywords=digimon+anime&qid=1606435200&sr=8-6
Digimon Adventure Tri.: Reunion (Bluray/DVD Combo) [Blu-ray],$14.97,4.7 out of 5 stars,157,https://www.amazon.com/Digimon-Adventure-Tri-Reunion-Blu-ray/dp/B06VSW8VLQ/ref=sr_1_7?dchild=1&keywords=digimon+anime&qid=1606435200&sr=8-7
Digimon Adventure tri.: The Complete 6-Film Collection (Blu-ray),$56.45,4.8 out of 5 stars,318,https://www.amazon.com/Digimon-Adventure-tri-Collection-Blu-ray/dp/B07J35QFQM/ref=sr_1_8?dchild=1&keywords=digimon+anime&qid=1606435200&sr=8-8
Digimon Adventure Tri.: Determination (Bluray/DVD Combo) [Blu-ray],$11.49,4.7 out of 5 stars,208,https://www.amazon.com/Digimon-Adventure-Tri-Determination-Blu-ray/dp/B0711CPGYL/ref=sr_1_9?dchild=1&keywords=digimon+anime&qid=1606435200&sr=8-9
Limited Anime Digimon Adventure Taichi Agumon Yamato Sora Takeru Hikari Digivice Keychain Sa Cosplay Props Gifts,$21.96,5.0 out of 5 stars,7,https://www.amazon.com/Limited-Digimon-Adventure-Digivice-Keychain/dp/B089D3M6XN/ref=sr_1_10?dchild=1&keywords=digimon+anime&qid=1606435200&sr=8-10
Digimon Adventure tri: Loss [Blu-ray],$8.99,4.8 out of 5 stars,203,https://www.amazon.com/Digimon-Adventure-tri-Loss-Blu-ray/dp/B0794L61NC/ref=sr_1_11?dchild=1&keywords=digimon+anime&qid=1606435200&sr=8-11
Digimon Fusion,$17.17,4.7 out of 5 stars,47,https://www.amazon.com/Digimon-Fusion-None/dp/B00PLYU726/ref=sr_1_12?dchild=1&keywords=digimon+anime&qid=1606435200&sr=8-12
Digimon Adventure tri.: Future [Blu-ray],$11.99,4.9 out of 5 stars,126,https://www.amazon.com/Digimon-Adventure-tri-Future-Blu-ray/dp/B07H62PHMN/ref=sr_1_13?dchild=1&keywords=digimon+anime&qid=1606435200&sr=8-13
Digimon Adventure: Volume 6,$19.95,4.6 out of 5 stars,29,https://www.amazon.com/Digimon-Adventure-6-Motoko-Kumai/dp/B00GOT1DNO/ref=sr_1_16?dchild=1&keywords=digimon+anime&qid=1606435200&sr=8-16
Digimon Adventure tri: Reunion,$3.99,4.7 out of 5 stars,2015,https://www.amazon.com/Digimon-Adventure-Johnny-Yong-Bosch/dp/B071VM4J7Y/ref=sr_1_18?dchild=1&keywords=digimon+anime&qid=1606435200&sr=8-18
Digimon Adventure: Volume 5,$19.95,4.7 out of 5 stars,36,https://www.amazon.com/Digimon-Adventure-5-Motoko-Kumai/dp/B00FGVRZGK/ref=sr_1_21?dchild=1&keywords=digimon+anime&qid=1606435200&sr=8-21
Digimon Adventure tri.: Coexistence,$6.99,4.8 out of 5 stars,149,https://www.amazon.com/Digimon-Adventure-tri-Coexistence-Various/dp/B07D35BG4K/ref=sr_1_22?dchild=1&keywords=digimon+anime&qid=1606435200&sr=8-22
The Amethyst Panda: A Monster Catching Gamelit Adventure (Maiyamon Book 2),$0.00,4.3 out of 5 stars,6,https://www.amazon.com/Amethyst-Panda-Catching-Adventure-Maiyamon-ebook/dp/B08JKXHT4P/ref=sr_1_24?dchild=1&keywords=digimon+anime&qid=1606435200&sr=8-24
Digimon Data Squad: Collection One,$31.98,4.4 out of 5 stars,35,https://www.amazon.com/Digimon-Data-Squad-Collection-One/dp/B001UJUH1C/ref=sr_1_27?dchild=1&keywords=digimon+anime&qid=1606435200&sr=8-27
Digimon Anime Fabric Wall Scroll Poster (16 x 22) Inches,$22.99,,,https://www.amazon.com/Digimon-Anime-Fabric-Wall-Scroll/dp/B00EN33OLW/ref=sr_1_28?dchild=1&keywords=digimon+anime&qid=1606435200&sr=8-28
Digimon Adventure Tri Part 5 Coexistence | Anime | NON-USA Format | Region B Import - Australia,$20.01,,,https://www.amazon.com/Digimon-Adventure-Coexistence-NON-USA-Format/dp/B07GW2LXFZ/ref=sr_1_29?dchild=1&keywords=digimon+anime&qid=1606435200&sr=8-29
"Digimon Fusion: Season 1, Volume 1",$9.48,4.6 out of 5 stars,23,https://www.amazon.com/Digimon-Fusion-Season-1/dp/B00ZE4ZY9Y/ref=sr_1_30?dchild=1&keywords=digimon+anime&qid=1606435200&sr=8-30
Digimon World: Next Order - PlayStation 4,$23.45,4.5 out of 5 stars,"Jan 31, 2017",https://www.amazon.com/Digimon-World-Next-Order-PlayStation-4/dp/B01LZ4MLV8/ref=sr_1_31?dchild=1&keywords=digimon+anime&qid=1606435200&sr=8-31
Anime Digimon Adventure Tri WarGreymon 925 Sterling Silver Ring Gift (Gold),$26.00,3.7 out of 5 stars,7,https://www.amazon.com/Shopular-Digimon-Adventure-WarGreymon-Sterling/dp/B0775NXCN3/ref=sr_1_32?dchild=1&keywords=digimon+anime&qid=1606435200&sr=8-32
Anime Digimon Adventure Tri MetalGarurumon 925 Sterling Silver Ring Gift (Silver),$33.00,3.3 out of 5 stars,2,https://www.amazon.com/Digimon-Adventure-MetalGarurumon-Sterling-Silver/dp/B0775RFJMP/ref=sr_1_33?dchild=1&keywords=digimon+anime&qid=1606435200&sr=8-33
Digimon Adventure Tri Part 4 Loss | Anime | NON-USA Format | PAL | Region 4 Import - Australia,$20.01,4.9 out of 5 stars,73,https://www.amazon.com/Digimon-Adventure-NON-USA-Format-Region/dp/B07CXYN8ZR/ref=sr_1_34?dchild=1&keywords=digimon+anime&qid=1606435200&sr=8-34
Digimon - The Digidestined Child [VHS],$10.50,2.8 out of 5 stars,7,https://www.amazon.com/Digimon-Digidestined-Child-Jane-Alan/dp/B00004YZEK/ref=sr_1_35?dchild=1&keywords=digimon+anime&qid=1606435200&sr=8-35
Digimon - Season 1,$24.98,4.4 out of 5 stars,26,https://www.amazon.com/Digimon-Season-1-Jane-Alan/dp/B00005221P/ref=sr_1_36?dchild=1&keywords=digimon+anime&qid=1606435200&sr=8-36
Fate Extella Link Standard Edition Nintendo Switch,$26.88,4.6 out of 5 stars,"Mar 12, 2019",https://www.amazon.com/Fate-Extella-Link-Standard-Nintendo-Switch/dp/B07K42B5BP/ref=sr_1_38?dchild=1&keywords=digimon+anime&qid=1606435200&sr=8-38
Digimon Adventure Tri: Complete Series | Anime | 6 Discs | NON USA Format | Region 4 Import - Australia,$54.06,,,https://www.amazon.com/Digimon-Adventure-Tri-Complete-Australia/dp/B084B84HKD/ref=sr_1_39?dchild=1&keywords=digimon+anime&qid=1606435200&sr=8-39
Digimon Adventure Tri. Part 3 Confession | Anime | NON-USA Format | PAL Region 4 Import - Australia,$23.64,,,https://www.amazon.com/Digimon-Adventure-Confession-NON-USA-Format/dp/B07923YG69/ref=sr_1_42?dchild=1&keywords=digimon+anime&qid=1606435200&sr=8-42
Digimon Anime Fabric Wall Scroll Poster (32 x 45) Inches,$28.99,5.0 out of 5 stars,1,https://www.amazon.com/Digimon-Anime-Fabric-Wall-Scroll/dp/B00EN33OOO/ref=sr_1_43?dchild=1&keywords=digimon+anime&qid=1606435200&sr=8-43
Digimon Adventure Tri Part 2 Determination | Anime | NON-USA Format | PAL | Region 4 Import - Australia,$23.64,,,https://www.amazon.com/Digimon-Adventure-Determination-NON-USA-Format/dp/B0788BR8BF/ref=sr_1_44?dchild=1&keywords=digimon+anime&qid=1606435200&sr=8-44
Digimon Adventure Tri. Part 1 Reunion | Anime Manga | NON-USA Format | PAL | Region 4 Import - Australia,$23.25,4.6 out of 5 stars,53,https://www.amazon.com/Digimon-Adventure-Reunion-NON-USA-Format/dp/B075K4CTN9/ref=sr_1_46?dchild=1&keywords=digimon+anime&qid=1606435200&sr=8-46
DIGIMON ADVENTURE TRI.-CH - MO [DVD] [2018],$33.28,4.8 out of 5 stars,129,https://www.amazon.com/DIGIMON-ADVENTURE-TRI-CH-MO-DVD/dp/B07PKBF3LZ/ref=sr_1_48?dchild=1&keywords=digimon+anime&qid=1606435200&sr=8-48
Digimon: The Official Seasons 1-4 Collection,$105.00,4.6 out of 5 stars,331,https://www.amazon.com/Digimon-Official-Seasons-1-4-Collection/dp/B00DYEBLYI/ref=sr_1_1?dchild=1&keywords=digimon+anime&qid=1606435222&sr=8-1
Digimon Adventure: Last Evolution Kizuna [Blu-ray],$16.87,4.9 out of 5 stars,415,https://www.amazon.com/Digimon-Adventure-Evolution-Kizuna-Blu-ray/dp/B087CSZ93R/ref=sr_1_2?dchild=1&keywords=digimon+anime&qid=1606435222&sr=8-2
Digimon Adventure: Volume 1,$12.99,4.8 out of 5 stars,121,https://www.amazon.com/Digimon-Adventure-1-Motoko-Kumai/dp/B008V8NQU4/ref=sr_1_3?dchild=1&keywords=digimon+anime&qid=1606435222&sr=8-3
Digimon Adventure: Volume 2,$7.50,4.8 out of 5 stars,120,https://www.amazon.com/Digimon-Adventure-2-Motoko-Kumai/dp/B009O07NDO/ref=sr_1_4?dchild=1&keywords=digimon+anime&qid=1606435222&sr=8-4
Digimon: Digital Monsters - The Official Second Season,$49.98,4.8 out of 5 stars,194,https://www.amazon.com/Digimon-Digital-Monsters-Official-Second/dp/B00A7GWGLS/ref=sr_1_5?dchild=1&keywords=digimon+anime&qid=1606435222&sr=8-5
The Official Digimon Adventure: Volume 3,$11.95,4.7 out of 5 stars,97,https://www.amazon.com/Official-Digimon-Adventure-3/dp/B00B9LNPH4/ref=sr_1_6?dchild=1&keywords=digimon+anime&qid=1606435222&sr=8-6
Digimon Adventure Tri.: Reunion (Bluray/DVD Combo) [Blu-ray],$14.97,4.7 out of 5 stars,157,https://www.amazon.com/Digimon-Adventure-Tri-Reunion-Blu-ray/dp/B06VSW8VLQ/ref=sr_1_7?dchild=1&keywords=digimon+anime&qid=1606435222&sr=8-7
Digimon Adventure tri.: The Complete 6-Film Collection (Blu-ray),$56.45,4.8 out of 5 stars,318,https://www.amazon.com/Digimon-Adventure-tri-Collection-Blu-ray/dp/B07J35QFQM/ref=sr_1_8?dchild=1&keywords=digimon+anime&qid=1606435222&sr=8-8
Digimon Adventure Tri.: Determination (Bluray/DVD Combo) [Blu-ray],$11.49,4.7 out of 5 stars,208,https://www.amazon.com/Digimon-Adventure-Tri-Determination-Blu-ray/dp/B0711CPGYL/ref=sr_1_9?dchild=1&keywords=digimon+anime&qid=1606435222&sr=8-9
Limited Anime Digimon Adventure Taichi Agumon Yamato Sora Takeru Hikari Digivice Keychain Sa Cosplay Props Gifts,$21.96,5.0 out of 5 stars,7,https://www.amazon.com/Limited-Digimon-Adventure-Digivice-Keychain/dp/B089D3M6XN/ref=sr_1_10?dchild=1&keywords=digimon+anime&qid=1606435222&sr=8-10
Digimon Adventure tri: Loss [Blu-ray],$8.99,4.8 out of 5 stars,203,https://www.amazon.com/Digimon-Adventure-tri-Loss-Blu-ray/dp/B0794L61NC/ref=sr_1_11?dchild=1&keywords=digimon+anime&qid=1606435222&sr=8-11
Digimon Fusion,$17.17,4.7 out of 5 stars,47,https://www.amazon.com/Digimon-Fusion-None/dp/B00PLYU726/ref=sr_1_12?dchild=1&keywords=digimon+anime&qid=1606435222&sr=8-12
Digimon Adventure tri.: Future [Blu-ray],$11.99,4.9 out of 5 stars,126,https://www.amazon.com/Digimon-Adventure-tri-Future-Blu-ray/dp/B07H62PHMN/ref=sr_1_13?dchild=1&keywords=digimon+anime&qid=1606435222&sr=8-13
Digimon Adventure: Volume 6,$19.95,4.6 out of 5 stars,29,https://www.amazon.com/Digimon-Adventure-6-Motoko-Kumai/dp/B00GOT1DNO/ref=sr_1_16?dchild=1&keywords=digimon+anime&qid=1606435222&sr=8-16
Digimon Adventure tri: Reunion,$3.99,4.7 out of 5 stars,2015,https://www.amazon.com/Digimon-Adventure-Johnny-Yong-Bosch/dp/B071VM4J7Y/ref=sr_1_18?dchild=1&keywords=digimon+anime&qid=1606435222&sr=8-18
Digimon Adventure: Volume 5,$19.95,4.7 out of 5 stars,36,https://www.amazon.com/Digimon-Adventure-5-Motoko-Kumai/dp/B00FGVRZGK/ref=sr_1_21?dchild=1&keywords=digimon+anime&qid=1606435222&sr=8-21
Digimon Adventure tri.: Coexistence,$6.99,4.8 out of 5 stars,149,https://www.amazon.com/Digimon-Adventure-tri-Coexistence-Various/dp/B07D35BG4K/ref=sr_1_22?dchild=1&keywords=digimon+anime&qid=1606435222&sr=8-22
The Amethyst Panda: A Monster Catching Gamelit Adventure (Maiyamon Book 2),$0.00,4.3 out of 5 stars,6,https://www.amazon.com/Amethyst-Panda-Catching-Adventure-Maiyamon-ebook/dp/B08JKXHT4P/ref=sr_1_24?dchild=1&keywords=digimon+anime&qid=1606435222&sr=8-24
Digimon Data Squad: Collection One,$31.98,4.4 out of 5 stars,35,https://www.amazon.com/Digimon-Data-Squad-Collection-One/dp/B001UJUH1C/ref=sr_1_27?dchild=1&keywords=digimon+anime&qid=1606435222&sr=8-27
Digimon Anime Fabric Wall Scroll Poster (16 x 22) Inches,$22.99,,,https://www.amazon.com/Digimon-Anime-Fabric-Wall-Scroll/dp/B00EN33OLW/ref=sr_1_28?dchild=1&keywords=digimon+anime&qid=1606435222&sr=8-28
Digimon Adventure Tri Part 5 Coexistence | Anime | NON-USA Format | Region B Import - Australia,$20.01,,,https://www.amazon.com/Digimon-Adventure-Coexistence-NON-USA-Format/dp/B07GW2LXFZ/ref=sr_1_29?dchild=1&keywords=digimon+anime&qid=1606435222&sr=8-29
"Digimon Fusion: Season 1, Volume 1",$9.48,4.6 out of 5 stars,23,https://www.amazon.com/Digimon-Fusion-Season-1/dp/B00ZE4ZY9Y/ref=sr_1_30?dchild=1&keywords=digimon+anime&qid=1606435222&sr=8-30
Digimon World: Next Order - PlayStation 4,$23.45,4.5 out of 5 stars,"Jan 31, 2017",https://www.amazon.com/Digimon-World-Next-Order-PlayStation-4/dp/B01LZ4MLV8/ref=sr_1_31?dchild=1&keywords=digimon+anime&qid=1606435222&sr=8-31
Anime Digimon Adventure Tri WarGreymon 925 Sterling Silver Ring Gift (Gold),$26.00,3.7 out of 5 stars,7,https://www.amazon.com/Shopular-Digimon-Adventure-WarGreymon-Sterling/dp/B0775NXCN3/ref=sr_1_32?dchild=1&keywords=digimon+anime&qid=1606435222&sr=8-32
Anime Digimon Adventure Tri MetalGarurumon 925 Sterling Silver Ring Gift (Silver),$33.00,3.3 out of 5 stars,2,https://www.amazon.com/Digimon-Adventure-MetalGarurumon-Sterling-Silver/dp/B0775RFJMP/ref=sr_1_33?dchild=1&keywords=digimon+anime&qid=1606435222&sr=8-33
Digimon Adventure Tri Part 4 Loss | Anime | NON-USA Format | PAL | Region 4 Import - Australia,$20.01,4.9 out of 5 stars,73,https://www.amazon.com/Digimon-Adventure-NON-USA-Format-Region/dp/B07CXYN8ZR/ref=sr_1_34?dchild=1&keywords=digimon+anime&qid=1606435222&sr=8-34
Digimon - The Digidestined Child [VHS],$10.50,2.8 out of 5 stars,7,https://www.amazon.com/Digimon-Digidestined-Child-Jane-Alan/dp/B00004YZEK/ref=sr_1_35?dchild=1&keywords=digimon+anime&qid=1606435222&sr=8-35
Digimon - Season 1,$24.98,4.4 out of 5 stars,26,https://www.amazon.com/Digimon-Season-1-Jane-Alan/dp/B00005221P/ref=sr_1_36?dchild=1&keywords=digimon+anime&qid=1606435222&sr=8-36
Fate Extella Link Standard Edition Nintendo Switch,$26.88,4.6 out of 5 stars,"Mar 12, 2019",https://www.amazon.com/Fate-Extella-Link-Standard-Nintendo-Switch/dp/B07K42B5BP/ref=sr_1_38?dchild=1&keywords=digimon+anime&qid=1606435222&sr=8-38
Digimon Adventure Tri: Complete Series | Anime | 6 Discs | NON USA Format | Region 4 Import - Australia,$54.06,,,https://www.amazon.com/Digimon-Adventure-Tri-Complete-Australia/dp/B084B84HKD/ref=sr_1_39?dchild=1&keywords=digimon+anime&qid=1606435222&sr=8-39
Digimon Adventure Tri. Part 3 Confession | Anime | NON-USA Format | PAL Region 4 Import - Australia,$23.64,,,https://www.amazon.com/Digimon-Adventure-Confession-NON-USA-Format/dp/B07923YG69/ref=sr_1_42?dchild=1&keywords=digimon+anime&qid=1606435222&sr=8-42
Digimon Anime Fabric Wall Scroll Poster (32 x 45) Inches,$28.99,5.0 out of 5 stars,1,https://www.amazon.com/Digimon-Anime-Fabric-Wall-Scroll/dp/B00EN33OOO/ref=sr_1_43?dchild=1&keywords=digimon+anime&qid=1606435222&sr=8-43
Digimon Adventure Tri Part 2 Determination | Anime | NON-USA Format | PAL | Region 4 Import - Australia,$23.64,,,https://www.amazon.com/Digimon-Adventure-Determination-NON-USA-Format/dp/B0788BR8BF/ref=sr_1_44?dchild=1&keywords=digimon+anime&qid=1606435222&sr=8-44
Digimon Adventure Tri. Part 1 Reunion | Anime Manga | NON-USA Format | PAL | Region 4 Import - Australia,$23.25,4.6 out of 5 stars,53,https://www.amazon.com/Digimon-Adventure-Reunion-NON-USA-Format/dp/B075K4CTN9/ref=sr_1_46?dchild=1&keywords=digimon+anime&qid=1606435222&sr=8-46
DIGIMON ADVENTURE TRI.-CH - MO [DVD] [2018],$33.28,4.8 out of 5 stars,129,https://www.amazon.com/DIGIMON-ADVENTURE-TRI-CH-MO-DVD/dp/B07PKBF3LZ/ref=sr_1_48?dchild=1&keywords=digimon+anime&qid=1606435222&sr=8-48
Digimon: The Official Seasons 1-4 Collection,$105.00,4.6 out of 5 stars,331,https://www.amazon.com/Digimon-Official-Seasons-1-4-Collection/dp/B00DYEBLYI/ref=sr_1_1?dchild=1&keywords=digimon+anime&qid=1606435227&sr=8-1
Digimon Adventure: Last Evolution Kizuna [Blu-ray],$16.87,4.9 out of 5 stars,415,https://www.amazon.com/Digimon-Adventure-Evolution-Kizuna-Blu-ray/dp/B087CSZ93R/ref=sr_1_2?dchild=1&keywords=digimon+anime&qid=1606435227&sr=8-2
Digimon Adventure: Volume 1,$12.99,4.8 out of 5 stars,121,https://www.amazon.com/Digimon-Adventure-1-Motoko-Kumai/dp/B008V8NQU4/ref=sr_1_3?dchild=1&keywords=digimon+anime&qid=1606435227&sr=8-3
Digimon Adventure: Volume 2,$7.50,4.8 out of 5 stars,120,https://www.amazon.com/Digimon-Adventure-2-Motoko-Kumai/dp/B009O07NDO/ref=sr_1_4?dchild=1&keywords=digimon+anime&qid=1606435227&sr=8-4
Digimon: Digital Monsters - The Official Second Season,$49.98,4.8 out of 5 stars,194,https://www.amazon.com/Digimon-Digital-Monsters-Official-Second/dp/B00A7GWGLS/ref=sr_1_5?dchild=1&keywords=digimon+anime&qid=1606435227&sr=8-5
The Official Digimon Adventure: Volume 3,$11.95,4.7 out of 5 stars,97,https://www.amazon.com/Official-Digimon-Adventure-3/dp/B00B9LNPH4/ref=sr_1_6?dchild=1&keywords=digimon+anime&qid=1606435227&sr=8-6
Digimon Adventure Tri.: Reunion (Bluray/DVD Combo) [Blu-ray],$14.97,4.7 out of 5 stars,157,https://www.amazon.com/Digimon-Adventure-Tri-Reunion-Blu-ray/dp/B06VSW8VLQ/ref=sr_1_7?dchild=1&keywords=digimon+anime&qid=1606435227&sr=8-7
Digimon Adventure tri.: The Complete 6-Film Collection (Blu-ray),$56.45,4.8 out of 5 stars,318,https://www.amazon.com/Digimon-Adventure-tri-Collection-Blu-ray/dp/B07J35QFQM/ref=sr_1_8?dchild=1&keywords=digimon+anime&qid=1606435227&sr=8-8
Digimon Adventure Tri.: Determination (Bluray/DVD Combo) [Blu-ray],$11.49,4.7 out of 5 stars,208,https://www.amazon.com/Digimon-Adventure-Tri-Determination-Blu-ray/dp/B0711CPGYL/ref=sr_1_9?dchild=1&keywords=digimon+anime&qid=1606435227&sr=8-9
Limited Anime Digimon Adventure Taichi Agumon Yamato Sora Takeru Hikari Digivice Keychain Sa Cosplay Props Gifts,$21.96,5.0 out of 5 stars,7,https://www.amazon.com/Limited-Digimon-Adventure-Digivice-Keychain/dp/B089D3M6XN/ref=sr_1_10?dchild=1&keywords=digimon+anime&qid=1606435227&sr=8-10
Digimon Adventure tri: Loss [Blu-ray],$8.99,4.8 out of 5 stars,203,https://www.amazon.com/Digimon-Adventure-tri-Loss-Blu-ray/dp/B0794L61NC/ref=sr_1_11?dchild=1&keywords=digimon+anime&qid=1606435227&sr=8-11
Digimon Fusion,$17.17,4.7 out of 5 stars,47,https://www.amazon.com/Digimon-Fusion-None/dp/B00PLYU726/ref=sr_1_12?dchild=1&keywords=digimon+anime&qid=1606435227&sr=8-12
Digimon Adventure tri.: Future [Blu-ray],$11.99,4.9 out of 5 stars,126,https://www.amazon.com/Digimon-Adventure-tri-Future-Blu-ray/dp/B07H62PHMN/ref=sr_1_13?dchild=1&keywords=digimon+anime&qid=1606435227&sr=8-13
Digimon Adventure: Volume 6,$19.95,4.6 out of 5 stars,29,https://www.amazon.com/Digimon-Adventure-6-Motoko-Kumai/dp/B00GOT1DNO/ref=sr_1_16?dchild=1&keywords=digimon+anime&qid=1606435227&sr=8-16
Digimon Adventure tri: Reunion,$3.99,4.7 out of 5 stars,2015,https://www.amazon.com/Digimon-Adventure-Johnny-Yong-Bosch/dp/B071VM4J7Y/ref=sr_1_18?dchild=1&keywords=digimon+anime&qid=1606435227&sr=8-18
Digimon Adventure: Volume 5,$19.95,4.7 out of 5 stars,36,https://www.amazon.com/Digimon-Adventure-5-Motoko-Kumai/dp/B00FGVRZGK/ref=sr_1_21?dchild=1&keywords=digimon+anime&qid=1606435227&sr=8-21
Digimon Adventure tri.: Coexistence,$6.99,4.8 out of 5 stars,149,https://www.amazon.com/Digimon-Adventure-tri-Coexistence-Various/dp/B07D35BG4K/ref=sr_1_22?dchild=1&keywords=digimon+anime&qid=1606435227&sr=8-22
The Amethyst Panda: A Monster Catching Gamelit Adventure (Maiyamon Book 2),$0.00,4.3 out of 5 stars,6,https://www.amazon.com/Amethyst-Panda-Catching-Adventure-Maiyamon-ebook/dp/B08JKXHT4P/ref=sr_1_24?dchild=1&keywords=digimon+anime&qid=1606435227&sr=8-24
Digimon Data Squad: Collection One,$31.98,4.4 out of 5 stars,35,https://www.amazon.com/Digimon-Data-Squad-Collection-One/dp/B001UJUH1C/ref=sr_1_27?dchild=1&keywords=digimon+anime&qid=1606435227&sr=8-27
Digimon Anime Fabric Wall Scroll Poster (16 x 22) Inches,$22.99,,,https://www.amazon.com/Digimon-Anime-Fabric-Wall-Scroll/dp/B00EN33OLW/ref=sr_1_28?dchild=1&keywords=digimon+anime&qid=1606435227&sr=8-28
Digimon Adventure Tri Part 5 Coexistence | Anime | NON-USA Format | Region B Import - Australia,$20.01,,,https://www.amazon.com/Digimon-Adventure-Coexistence-NON-USA-Format/dp/B07GW2LXFZ/ref=sr_1_29?dchild=1&keywords=digimon+anime&qid=1606435227&sr=8-29
"Digimon Fusion: Season 1, Volume 1",$9.48,4.6 out of 5 stars,23,https://www.amazon.com/Digimon-Fusion-Season-1/dp/B00ZE4ZY9Y/ref=sr_1_30?dchild=1&keywords=digimon+anime&qid=1606435227&sr=8-30
Digimon World: Next Order - PlayStation 4,$23.45,4.5 out of 5 stars,"Jan 31, 2017",https://www.amazon.com/Digimon-World-Next-Order-PlayStation-4/dp/B01LZ4MLV8/ref=sr_1_31?dchild=1&keywords=digimon+anime&qid=1606435227&sr=8-31
Anime Digimon Adventure Tri WarGreymon 925 Sterling Silver Ring Gift (Gold),$26.00,3.7 out of 5 stars,7,https://www.amazon.com/Shopular-Digimon-Adventure-WarGreymon-Sterling/dp/B0775NXCN3/ref=sr_1_32?dchild=1&keywords=digimon+anime&qid=1606435227&sr=8-32
Anime Digimon Adventure Tri MetalGarurumon 925 Sterling Silver Ring Gift (Silver),$33.00,3.3 out of 5 stars,2,https://www.amazon.com/Digimon-Adventure-MetalGarurumon-Sterling-Silver/dp/B0775RFJMP/ref=sr_1_33?dchild=1&keywords=digimon+anime&qid=1606435227&sr=8-33
Digimon Adventure Tri Part 4 Loss | Anime | NON-USA Format | PAL | Region 4 Import - Australia,$20.01,4.9 out of 5 stars,73,https://www.amazon.com/Digimon-Adventure-NON-USA-Format-Region/dp/B07CXYN8ZR/ref=sr_1_34?dchild=1&keywords=digimon+anime&qid=1606435227&sr=8-34
Digimon - The Digidestined Child [VHS],$10.50,2.8 out of 5 stars,7,https://www.amazon.com/Digimon-Digidestined-Child-Jane-Alan/dp/B00004YZEK/ref=sr_1_35?dchild=1&keywords=digimon+anime&qid=1606435227&sr=8-35
Digimon - Season 1,$24.98,4.4 out of 5 stars,26,https://www.amazon.com/Digimon-Season-1-Jane-Alan/dp/B00005221P/ref=sr_1_36?dchild=1&keywords=digimon+anime&qid=1606435227&sr=8-36
Fate Extella Link Standard Edition Nintendo Switch,$26.88,4.6 out of 5 stars,"Mar 12, 2019",https://www.amazon.com/Fate-Extella-Link-Standard-Nintendo-Switch/dp/B07K42B5BP/ref=sr_1_38?dchild=1&keywords=digimon+anime&qid=1606435227&sr=8-38
Digimon Adventure Tri: Complete Series | Anime | 6 Discs | NON USA Format | Region 4 Import - Australia,$54.06,,,https://www.amazon.com/Digimon-Adventure-Tri-Complete-Australia/dp/B084B84HKD/ref=sr_1_39?dchild=1&keywords=digimon+anime&qid=1606435227&sr=8-39
Digimon Adventure Tri. Part 3 Confession | Anime | NON-USA Format | PAL Region 4 Import - Australia,$23.64,,,https://www.amazon.com/Digimon-Adventure-Confession-NON-USA-Format/dp/B07923YG69/ref=sr_1_42?dchild=1&keywords=digimon+anime&qid=1606435227&sr=8-42
Digimon Anime Fabric Wall Scroll Poster (32 x 45) Inches,$28.99,5.0 out of 5 stars,1,https://www.amazon.com/Digimon-Anime-Fabric-Wall-Scroll/dp/B00EN33OOO/ref=sr_1_43?dchild=1&keywords=digimon+anime&qid=1606435227&sr=8-43
Digimon Adventure Tri Part 2 Determination | Anime | NON-USA Format | PAL | Region 4 Import - Australia,$23.64,,,https://www.amazon.com/Digimon-Adventure-Determination-NON-USA-Format/dp/B0788BR8BF/ref=sr_1_44?dchild=1&keywords=digimon+anime&qid=1606435227&sr=8-44
Digimon Adventure Tri. Part 1 Reunion | Anime Manga | NON-USA Format | PAL | Region 4 Import - Australia,$23.25,4.6 out of 5 stars,53,https://www.amazon.com/Digimon-Adventure-Reunion-NON-USA-Format/dp/B075K4CTN9/ref=sr_1_46?dchild=1&keywords=digimon+anime&qid=1606435227&sr=8-46
DIGIMON ADVENTURE TRI.-CH - MO [DVD] [2018],$33.28,4.8 out of 5 stars,129,https://www.amazon.com/DIGIMON-ADVENTURE-TRI-CH-MO-DVD/dp/B07PKBF3LZ/ref=sr_1_48?dchild=1&keywords=digimon+anime&qid=1606435227&sr=8-48
Digimon: The Official Seasons 1-4 Collection,$105.00,4.6 out of 5 stars,331,https://www.amazon.com/Digimon-Official-Seasons-1-4-Collection/dp/B00DYEBLYI/ref=sr_1_1?dchild=1&keywords=digimon+anime&qid=1606435231&sr=8-1
Digimon Adventure: Last Evolution Kizuna [Blu-ray],$16.87,4.9 out of 5 stars,415,https://www.amazon.com/Digimon-Adventure-Evolution-Kizuna-Blu-ray/dp/B087CSZ93R/ref=sr_1_2?dchild=1&keywords=digimon+anime&qid=1606435231&sr=8-2
Digimon Adventure: Volume 1,$12.99,4.8 out of 5 stars,121,https://www.amazon.com/Digimon-Adventure-1-Motoko-Kumai/dp/B008V8NQU4/ref=sr_1_3?dchild=1&keywords=digimon+anime&qid=1606435231&sr=8-3
Digimon Adventure: Volume 2,$7.50,4.8 out of 5 stars,120,https://www.amazon.com/Digimon-Adventure-2-Motoko-Kumai/dp/B009O07NDO/ref=sr_1_4?dchild=1&keywords=digimon+anime&qid=1606435231&sr=8-4
Digimon: Digital Monsters - The Official Second Season,$49.98,4.8 out of 5 stars,194,https://www.amazon.com/Digimon-Digital-Monsters-Official-Second/dp/B00A7GWGLS/ref=sr_1_5?dchild=1&keywords=digimon+anime&qid=1606435231&sr=8-5
The Official Digimon Adventure: Volume 3,$11.95,4.7 out of 5 stars,97,https://www.amazon.com/Official-Digimon-Adventure-3/dp/B00B9LNPH4/ref=sr_1_6?dchild=1&keywords=digimon+anime&qid=1606435231&sr=8-6
Digimon Adventure Tri.: Reunion (Bluray/DVD Combo) [Blu-ray],$14.97,4.7 out of 5 stars,157,https://www.amazon.com/Digimon-Adventure-Tri-Reunion-Blu-ray/dp/B06VSW8VLQ/ref=sr_1_7?dchild=1&keywords=digimon+anime&qid=1606435231&sr=8-7
Digimon Adventure tri.: The Complete 6-Film Collection (Blu-ray),$56.45,4.8 out of 5 stars,318,https://www.amazon.com/Digimon-Adventure-tri-Collection-Blu-ray/dp/B07J35QFQM/ref=sr_1_8?dchild=1&keywords=digimon+anime&qid=1606435231&sr=8-8
Digimon Adventure Tri.: Determination (Bluray/DVD Combo) [Blu-ray],$11.49,4.7 out of 5 stars,208,https://www.amazon.com/Digimon-Adventure-Tri-Determination-Blu-ray/dp/B0711CPGYL/ref=sr_1_9?dchild=1&keywords=digimon+anime&qid=1606435231&sr=8-9
Limited Anime Digimon Adventure Taichi Agumon Yamato Sora Takeru Hikari Digivice Keychain Sa Cosplay Props Gifts,$21.96,5.0 out of 5 stars,7,https://www.amazon.com/Limited-Digimon-Adventure-Digivice-Keychain/dp/B089D3M6XN/ref=sr_1_10?dchild=1&keywords=digimon+anime&qid=1606435231&sr=8-10
Digimon Adventure tri: Loss [Blu-ray],$8.99,4.8 out of 5 stars,203,https://www.amazon.com/Digimon-Adventure-tri-Loss-Blu-ray/dp/B0794L61NC/ref=sr_1_11?dchild=1&keywords=digimon+anime&qid=1606435231&sr=8-11
Digimon Fusion,$17.17,4.7 out of 5 stars,47,https://www.amazon.com/Digimon-Fusion-None/dp/B00PLYU726/ref=sr_1_12?dchild=1&keywords=digimon+anime&qid=1606435231&sr=8-12
Digimon Adventure tri.: Future [Blu-ray],$11.99,4.9 out of 5 stars,126,https://www.amazon.com/Digimon-Adventure-tri-Future-Blu-ray/dp/B07H62PHMN/ref=sr_1_13?dchild=1&keywords=digimon+anime&qid=1606435231&sr=8-13
Digimon Adventure: Volume 6,$19.95,4.6 out of 5 stars,29,https://www.amazon.com/Digimon-Adventure-6-Motoko-Kumai/dp/B00GOT1DNO/ref=sr_1_16?dchild=1&keywords=digimon+anime&qid=1606435231&sr=8-16
Digimon Adventure tri: Reunion,$3.99,4.7 out of 5 stars,2015,https://www.amazon.com/Digimon-Adventure-Johnny-Yong-Bosch/dp/B071VM4J7Y/ref=sr_1_18?dchild=1&keywords=digimon+anime&qid=1606435231&sr=8-18
Digimon Adventure: Volume 5,$19.95,4.7 out of 5 stars,36,https://www.amazon.com/Digimon-Adventure-5-Motoko-Kumai/dp/B00FGVRZGK/ref=sr_1_21?dchild=1&keywords=digimon+anime&qid=1606435231&sr=8-21
Digimon Adventure tri.: Coexistence,$6.99,4.8 out of 5 stars,149,https://www.amazon.com/Digimon-Adventure-tri-Coexistence-Various/dp/B07D35BG4K/ref=sr_1_22?dchild=1&keywords=digimon+anime&qid=1606435231&sr=8-22
The Amethyst Panda: A Monster Catching Gamelit Adventure (Maiyamon Book 2),$0.00,4.3 out of 5 stars,6,https://www.amazon.com/Amethyst-Panda-Catching-Adventure-Maiyamon-ebook/dp/B08JKXHT4P/ref=sr_1_24?dchild=1&keywords=digimon+anime&qid=1606435231&sr=8-24
Digimon Data Squad: Collection One,$31.98,4.4 out of 5 stars,35,https://www.amazon.com/Digimon-Data-Squad-Collection-One/dp/B001UJUH1C/ref=sr_1_27?dchild=1&keywords=digimon+anime&qid=1606435231&sr=8-27
Digimon Anime Fabric Wall Scroll Poster (16 x 22) Inches,$22.99,,,https://www.amazon.com/Digimon-Anime-Fabric-Wall-Scroll/dp/B00EN33OLW/ref=sr_1_28?dchild=1&keywords=digimon+anime&qid=1606435231&sr=8-28
Digimon Adventure Tri Part 5 Coexistence | Anime | NON-USA Format | Region B Import - Australia,$20.01,,,https://www.amazon.com/Digimon-Adventure-Coexistence-NON-USA-Format/dp/B07GW2LXFZ/ref=sr_1_29?dchild=1&keywords=digimon+anime&qid=1606435231&sr=8-29
"Digimon Fusion: Season 1, Volume 1",$9.48,4.6 out of 5 stars,23,https://www.amazon.com/Digimon-Fusion-Season-1/dp/B00ZE4ZY9Y/ref=sr_1_30?dchild=1&keywords=digimon+anime&qid=1606435231&sr=8-30
Digimon World: Next Order - PlayStation 4,$23.45,4.5 out of 5 stars,"Jan 31, 2017",https://www.amazon.com/Digimon-World-Next-Order-PlayStation-4/dp/B01LZ4MLV8/ref=sr_1_31?dchild=1&keywords=digimon+anime&qid=1606435231&sr=8-31
Anime Digimon Adventure Tri WarGreymon 925 Sterling Silver Ring Gift (Gold),$26.00,3.7 out of 5 stars,7,https://www.amazon.com/Shopular-Digimon-Adventure-WarGreymon-Sterling/dp/B0775NXCN3/ref=sr_1_32?dchild=1&keywords=digimon+anime&qid=1606435231&sr=8-32
Anime Digimon Adventure Tri MetalGarurumon 925 Sterling Silver Ring Gift (Silver),$33.00,3.3 out of 5 stars,2,https://www.amazon.com/Digimon-Adventure-MetalGarurumon-Sterling-Silver/dp/B0775RFJMP/ref=sr_1_33?dchild=1&keywords=digimon+anime&qid=1606435231&sr=8-33
Digimon Adventure Tri Part 4 Loss | Anime | NON-USA Format | PAL | Region 4 Import - Australia,$20.01,4.9 out of 5 stars,73,https://www.amazon.com/Digimon-Adventure-NON-USA-Format-Region/dp/B07CXYN8ZR/ref=sr_1_34?dchild=1&keywords=digimon+anime&qid=1606435231&sr=8-34
Digimon - The Digidestined Child [VHS],$10.50,2.8 out of 5 stars,7,https://www.amazon.com/Digimon-Digidestined-Child-Jane-Alan/dp/B00004YZEK/ref=sr_1_35?dchild=1&keywords=digimon+anime&qid=1606435231&sr=8-35
Digimon - Season 1,$24.98,4.4 out of 5 stars,26,https://www.amazon.com/Digimon-Season-1-Jane-Alan/dp/B00005221P/ref=sr_1_36?dchild=1&keywords=digimon+anime&qid=1606435231&sr=8-36
Fate Extella Link Standard Edition Nintendo Switch,$26.88,4.6 out of 5 stars,"Mar 12, 2019",https://www.amazon.com/Fate-Extella-Link-Standard-Nintendo-Switch/dp/B07K42B5BP/ref=sr_1_38?dchild=1&keywords=digimon+anime&qid=1606435231&sr=8-38
Digimon Adventure Tri: Complete Series | Anime | 6 Discs | NON USA Format | Region 4 Import - Australia,$54.06,,,https://www.amazon.com/Digimon-Adventure-Tri-Complete-Australia/dp/B084B84HKD/ref=sr_1_39?dchild=1&keywords=digimon+anime&qid=1606435231&sr=8-39
Digimon Adventure Tri. Part 3 Confession | Anime | NON-USA Format | PAL Region 4 Import - Australia,$23.64,,,https://www.amazon.com/Digimon-Adventure-Confession-NON-USA-Format/dp/B07923YG69/ref=sr_1_42?dchild=1&keywords=digimon+anime&qid=1606435231&sr=8-42
Digimon Anime Fabric Wall Scroll Poster (32 x 45) Inches,$28.99,5.0 out of 5 stars,1,https://www.amazon.com/Digimon-Anime-Fabric-Wall-Scroll/dp/B00EN33OOO/ref=sr_1_43?dchild=1&keywords=digimon+anime&qid=1606435231&sr=8-43
Digimon Adventure Tri Part 2 Determination | Anime | NON-USA Format | PAL | Region 4 Import - Australia,$23.64,,,https://www.amazon.com/Digimon-Adventure-Determination-NON-USA-Format/dp/B0788BR8BF/ref=sr_1_44?dchild=1&keywords=digimon+anime&qid=1606435231&sr=8-44
Digimon Adventure Tri. Part 1 Reunion | Anime Manga | NON-USA Format | PAL | Region 4 Import - Australia,$23.25,4.6 out of 5 stars,53,https://www.amazon.com/Digimon-Adventure-Reunion-NON-USA-Format/dp/B075K4CTN9/ref=sr_1_46?dchild=1&keywords=digimon+anime&qid=1606435231&sr=8-46
DIGIMON ADVENTURE TRI.-CH - MO [DVD] [2018],$33.28,4.8 out of 5 stars,129,https://www.amazon.com/DIGIMON-ADVENTURE-TRI-CH-MO-DVD/dp/B07PKBF3LZ/ref=sr_1_48?dchild=1&keywords=digimon+anime&qid=1606435231&sr=8-48
Digimon: The Official Seasons 1-4 Collection,$105.00,4.6 out of 5 stars,331,https://www.amazon.com/Digimon-Official-Seasons-1-4-Collection/dp/B00DYEBLYI/ref=sr_1_1?dchild=1&keywords=digimon+anime&qid=1606435235&sr=8-1
Digimon Adventure: Last Evolution Kizuna [Blu-ray],$16.87,4.9 out of 5 stars,415,https://www.amazon.com/Digimon-Adventure-Evolution-Kizuna-Blu-ray/dp/B087CSZ93R/ref=sr_1_2?dchild=1&keywords=digimon+anime&qid=1606435235&sr=8-2
Digimon Adventure: Volume 1,$12.99,4.8 out of 5 stars,121,https://www.amazon.com/Digimon-Adventure-1-Motoko-Kumai/dp/B008V8NQU4/ref=sr_1_3?dchild=1&keywords=digimon+anime&qid=1606435235&sr=8-3
Digimon Adventure: Volume 2,$7.50,4.8 out of 5 stars,120,https://www.amazon.com/Digimon-Adventure-2-Motoko-Kumai/dp/B009O07NDO/ref=sr_1_4?dchild=1&keywords=digimon+anime&qid=1606435235&sr=8-4
Digimon: Digital Monsters - The Official Second Season,$49.98,4.8 out of 5 stars,194,https://www.amazon.com/Digimon-Digital-Monsters-Official-Second/dp/B00A7GWGLS/ref=sr_1_5?dchild=1&keywords=digimon+anime&qid=1606435235&sr=8-5
The Official Digimon Adventure: Volume 3,$11.95,4.7 out of 5 stars,97,https://www.amazon.com/Official-Digimon-Adventure-3/dp/B00B9LNPH4/ref=sr_1_6?dchild=1&keywords=digimon+anime&qid=1606435235&sr=8-6
Digimon Adventure Tri.: Reunion (Bluray/DVD Combo) [Blu-ray],$14.97,4.7 out of 5 stars,157,https://www.amazon.com/Digimon-Adventure-Tri-Reunion-Blu-ray/dp/B06VSW8VLQ/ref=sr_1_7?dchild=1&keywords=digimon+anime&qid=1606435235&sr=8-7
Digimon Adventure tri.: The Complete 6-Film Collection (Blu-ray),$56.45,4.8 out of 5 stars,318,https://www.amazon.com/Digimon-Adventure-tri-Collection-Blu-ray/dp/B07J35QFQM/ref=sr_1_8?dchild=1&keywords=digimon+anime&qid=1606435235&sr=8-8
Digimon Adventure Tri.: Determination (Bluray/DVD Combo) [Blu-ray],$11.49,4.7 out of 5 stars,208,https://www.amazon.com/Digimon-Adventure-Tri-Determination-Blu-ray/dp/B0711CPGYL/ref=sr_1_9?dchild=1&keywords=digimon+anime&qid=1606435235&sr=8-9
Limited Anime Digimon Adventure Taichi Agumon Yamato Sora Takeru Hikari Digivice Keychain Sa Cosplay Props Gifts,$21.96,5.0 out of 5 stars,7,https://www.amazon.com/Limited-Digimon-Adventure-Digivice-Keychain/dp/B089D3M6XN/ref=sr_1_10?dchild=1&keywords=digimon+anime&qid=1606435235&sr=8-10
Digimon Adventure tri: Loss [Blu-ray],$8.99,4.8 out of 5 stars,203,https://www.amazon.com/Digimon-Adventure-tri-Loss-Blu-ray/dp/B0794L61NC/ref=sr_1_11?dchild=1&keywords=digimon+anime&qid=1606435235&sr=8-11
Digimon Fusion,$17.17,4.7 out of 5 stars,47,https://www.amazon.com/Digimon-Fusion-None/dp/B00PLYU726/ref=sr_1_12?dchild=1&keywords=digimon+anime&qid=1606435235&sr=8-12
Digimon Adventure tri.: Future [Blu-ray],$11.99,4.9 out of 5 stars,126,https://www.amazon.com/Digimon-Adventure-tri-Future-Blu-ray/dp/B07H62PHMN/ref=sr_1_13?dchild=1&keywords=digimon+anime&qid=1606435235&sr=8-13
Digimon Adventure: Volume 6,$19.95,4.6 out of 5 stars,29,https://www.amazon.com/Digimon-Adventure-6-Motoko-Kumai/dp/B00GOT1DNO/ref=sr_1_16?dchild=1&keywords=digimon+anime&qid=1606435235&sr=8-16
Digimon Adventure tri: Reunion,$3.99,4.7 out of 5 stars,2015,https://www.amazon.com/Digimon-Adventure-Johnny-Yong-Bosch/dp/B071VM4J7Y/ref=sr_1_18?dchild=1&keywords=digimon+anime&qid=1606435235&sr=8-18
Digimon Adventure: Volume 5,$19.95,4.7 out of 5 stars,36,https://www.amazon.com/Digimon-Adventure-5-Motoko-Kumai/dp/B00FGVRZGK/ref=sr_1_21?dchild=1&keywords=digimon+anime&qid=1606435235&sr=8-21
Digimon Adventure tri.: Coexistence,$6.99,4.8 out of 5 stars,149,https://www.amazon.com/Digimon-Adventure-tri-Coexistence-Various/dp/B07D35BG4K/ref=sr_1_22?dchild=1&keywords=digimon+anime&qid=1606435235&sr=8-22
The Amethyst Panda: A Monster Catching Gamelit Adventure (Maiyamon Book 2),$0.00,4.3 out of 5 stars,6,https://www.amazon.com/Amethyst-Panda-Catching-Adventure-Maiyamon-ebook/dp/B08JKXHT4P/ref=sr_1_24?dchild=1&keywords=digimon+anime&qid=1606435235&sr=8-24
Digimon Data Squad: Collection One,$31.98,4.4 out of 5 stars,35,https://www.amazon.com/Digimon-Data-Squad-Collection-One/dp/B001UJUH1C/ref=sr_1_27?dchild=1&keywords=digimon+anime&qid=1606435235&sr=8-27
Digimon Anime Fabric Wall Scroll Poster (16 x 22) Inches,$22.99,,,https://www.amazon.com/Digimon-Anime-Fabric-Wall-Scroll/dp/B00EN33OLW/ref=sr_1_28?dchild=1&keywords=digimon+anime&qid=1606435235&sr=8-28
Digimon Adventure Tri Part 5 Coexistence | Anime | NON-USA Format | Region B Import - Australia,$20.01,,,https://www.amazon.com/Digimon-Adventure-Coexistence-NON-USA-Format/dp/B07GW2LXFZ/ref=sr_1_29?dchild=1&keywords=digimon+anime&qid=1606435235&sr=8-29
"Digimon Fusion: Season 1, Volume 1",$9.48,4.6 out of 5 stars,23,https://www.amazon.com/Digimon-Fusion-Season-1/dp/B00ZE4ZY9Y/ref=sr_1_30?dchild=1&keywords=digimon+anime&qid=1606435235&sr=8-30
Digimon World: Next Order - PlayStation 4,$23.45,4.5 out of 5 stars,"Jan 31, 2017",https://www.amazon.com/Digimon-World-Next-Order-PlayStation-4/dp/B01LZ4MLV8/ref=sr_1_31?dchild=1&keywords=digimon+anime&qid=1606435235&sr=8-31
Anime Digimon Adventure Tri WarGreymon 925 Sterling Silver Ring Gift (Gold),$26.00,3.7 out of 5 stars,7,https://www.amazon.com/Shopular-Digimon-Adventure-WarGreymon-Sterling/dp/B0775NXCN3/ref=sr_1_32?dchild=1&keywords=digimon+anime&qid=1606435235&sr=8-32
Anime Digimon Adventure Tri MetalGarurumon 925 Sterling Silver Ring Gift (Silver),$33.00,3.3 out of 5 stars,2,https://www.amazon.com/Digimon-Adventure-MetalGarurumon-Sterling-Silver/dp/B0775RFJMP/ref=sr_1_33?dchild=1&keywords=digimon+anime&qid=1606435235&sr=8-33
Digimon Adventure Tri Part 4 Loss | Anime | NON-USA Format | PAL | Region 4 Import - Australia,$20.01,4.9 out of 5 stars,73,https://www.amazon.com/Digimon-Adventure-NON-USA-Format-Region/dp/B07CXYN8ZR/ref=sr_1_34?dchild=1&keywords=digimon+anime&qid=1606435235&sr=8-34
Digimon - The Digidestined Child [VHS],$10.50,2.8 out of 5 stars,7,https://www.amazon.com/Digimon-Digidestined-Child-Jane-Alan/dp/B00004YZEK/ref=sr_1_35?dchild=1&keywords=digimon+anime&qid=1606435235&sr=8-35
Digimon - Season 1,$24.98,4.4 out of 5 stars,26,https://www.amazon.com/Digimon-Season-1-Jane-Alan/dp/B00005221P/ref=sr_1_36?dchild=1&keywords=digimon+anime&qid=1606435235&sr=8-36
Fate Extella Link Standard Edition Nintendo Switch,$26.88,4.6 out of 5 stars,"Mar 12, 2019",https://www.amazon.com/Fate-Extella-Link-Standard-Nintendo-Switch/dp/B07K42B5BP/ref=sr_1_38?dchild=1&keywords=digimon+anime&qid=1606435235&sr=8-38
Digimon Adventure Tri: Complete Series | Anime | 6 Discs | NON USA Format | Region 4 Import - Australia,$54.06,,,https://www.amazon.com/Digimon-Adventure-Tri-Complete-Australia/dp/B084B84HKD/ref=sr_1_39?dchild=1&keywords=digimon+anime&qid=1606435235&sr=8-39
Digimon Adventure Tri. Part 3 Confession | Anime | NON-USA Format | PAL Region 4 Import - Australia,$23.64,,,https://www.amazon.com/Digimon-Adventure-Confession-NON-USA-Format/dp/B07923YG69/ref=sr_1_42?dchild=1&keywords=digimon+anime&qid=1606435235&sr=8-42
Digimon Anime Fabric Wall Scroll Poster (32 x 45) Inches,$28.99,5.0 out of 5 stars,1,https://www.amazon.com/Digimon-Anime-Fabric-Wall-Scroll/dp/B00EN33OOO/ref=sr_1_43?dchild=1&keywords=digimon+anime&qid=1606435235&sr=8-43
Digimon Adventure Tri Part 2 Determination | Anime | NON-USA Format | PAL | Region 4 Import - Australia,$23.64,,,https://www.amazon.com/Digimon-Adventure-Determination-NON-USA-Format/dp/B0788BR8BF/ref=sr_1_44?dchild=1&keywords=digimon+anime&qid=1606435235&sr=8-44
Digimon Adventure Tri. Part 1 Reunion | Anime Manga | NON-USA Format | PAL | Region 4 Import - Australia,$23.25,4.6 out of 5 stars,53,https://www.amazon.com/Digimon-Adventure-Reunion-NON-USA-Format/dp/B075K4CTN9/ref=sr_1_46?dchild=1&keywords=digimon+anime&qid=1606435235&sr=8-46
DIGIMON ADVENTURE TRI.-CH - MO [DVD] [2018],$33.28,4.8 out of 5 stars,129,https://www.amazon.com/DIGIMON-ADVENTURE-TRI-CH-MO-DVD/dp/B07PKBF3LZ/ref=sr_1_48?dchild=1&keywords=digimon+anime&qid=1606435235&sr=8-48
Digimon: The Official Seasons 1-4 Collection,$105.00,4.6 out of 5 stars,331,https://www.amazon.com/Digimon-Official-Seasons-1-4-Collection/dp/B00DYEBLYI/ref=sr_1_1?dchild=1&keywords=digimon+anime&qid=1606435239&sr=8-1
Digimon Adventure: Last Evolution Kizuna [Blu-ray],$16.87,4.9 out of 5 stars,415,https://www.amazon.com/Digimon-Adventure-Evolution-Kizuna-Blu-ray/dp/B087CSZ93R/ref=sr_1_2?dchild=1&keywords=digimon+anime&qid=1606435239&sr=8-2
Digimon Adventure: Volume 1,$12.99,4.8 out of 5 stars,121,https://www.amazon.com/Digimon-Adventure-1-Motoko-Kumai/dp/B008V8NQU4/ref=sr_1_3?dchild=1&keywords=digimon+anime&qid=1606435239&sr=8-3
Digimon Adventure: Volume 2,$7.50,4.8 out of 5 stars,120,https://www.amazon.com/Digimon-Adventure-2-Motoko-Kumai/dp/B009O07NDO/ref=sr_1_4?dchild=1&keywords=digimon+anime&qid=1606435239&sr=8-4
Digimon: Digital Monsters - The Official Second Season,$49.98,4.8 out of 5 stars,194,https://www.amazon.com/Digimon-Digital-Monsters-Official-Second/dp/B00A7GWGLS/ref=sr_1_5?dchild=1&keywords=digimon+anime&qid=1606435239&sr=8-5
The Official Digimon Adventure: Volume 3,$11.95,4.7 out of 5 stars,97,https://www.amazon.com/Official-Digimon-Adventure-3/dp/B00B9LNPH4/ref=sr_1_6?dchild=1&keywords=digimon+anime&qid=1606435239&sr=8-6
Digimon Adventure Tri.: Reunion (Bluray/DVD Combo) [Blu-ray],$14.97,4.7 out of 5 stars,157,https://www.amazon.com/Digimon-Adventure-Tri-Reunion-Blu-ray/dp/B06VSW8VLQ/ref=sr_1_7?dchild=1&keywords=digimon+anime&qid=1606435239&sr=8-7
Digimon Adventure tri.: The Complete 6-Film Collection (Blu-ray),$56.45,4.8 out of 5 stars,318,https://www.amazon.com/Digimon-Adventure-tri-Collection-Blu-ray/dp/B07J35QFQM/ref=sr_1_8?dchild=1&keywords=digimon+anime&qid=1606435239&sr=8-8
Digimon Adventure Tri.: Determination (Bluray/DVD Combo) [Blu-ray],$11.49,4.7 out of 5 stars,208,https://www.amazon.com/Digimon-Adventure-Tri-Determination-Blu-ray/dp/B0711CPGYL/ref=sr_1_9?dchild=1&keywords=digimon+anime&qid=1606435239&sr=8-9
Limited Anime Digimon Adventure Taichi Agumon Yamato Sora Takeru Hikari Digivice Keychain Sa Cosplay Props Gifts,$21.96,5.0 out of 5 stars,7,https://www.amazon.com/Limited-Digimon-Adventure-Digivice-Keychain/dp/B089D3M6XN/ref=sr_1_10?dchild=1&keywords=digimon+anime&qid=1606435239&sr=8-10
Digimon Adventure tri: Loss [Blu-ray],$8.99,4.8 out of 5 stars,203,https://www.amazon.com/Digimon-Adventure-tri-Loss-Blu-ray/dp/B0794L61NC/ref=sr_1_11?dchild=1&keywords=digimon+anime&qid=1606435239&sr=8-11
Digimon Fusion,$17.17,4.7 out of 5 stars,47,https://www.amazon.com/Digimon-Fusion-None/dp/B00PLYU726/ref=sr_1_12?dchild=1&keywords=digimon+anime&qid=1606435239&sr=8-12
Digimon Adventure tri.: Future [Blu-ray],$11.99,4.9 out of 5 stars,126,https://www.amazon.com/Digimon-Adventure-tri-Future-Blu-ray/dp/B07H62PHMN/ref=sr_1_13?dchild=1&keywords=digimon+anime&qid=1606435239&sr=8-13
Digimon Adventure: Volume 6,$19.95,4.6 out of 5 stars,29,https://www.amazon.com/Digimon-Adventure-6-Motoko-Kumai/dp/B00GOT1DNO/ref=sr_1_16?dchild=1&keywords=digimon+anime&qid=1606435239&sr=8-16
Digimon Adventure tri: Reunion,$3.99,4.7 out of 5 stars,2015,https://www.amazon.com/Digimon-Adventure-Johnny-Yong-Bosch/dp/B071VM4J7Y/ref=sr_1_18?dchild=1&keywords=digimon+anime&qid=1606435239&sr=8-18
Digimon Adventure: Volume 5,$19.95,4.7 out of 5 stars,36,https://www.amazon.com/Digimon-Adventure-5-Motoko-Kumai/dp/B00FGVRZGK/ref=sr_1_21?dchild=1&keywords=digimon+anime&qid=1606435239&sr=8-21
Digimon Adventure tri.: Coexistence,$6.99,4.8 out of 5 stars,149,https://www.amazon.com/Digimon-Adventure-tri-Coexistence-Various/dp/B07D35BG4K/ref=sr_1_22?dchild=1&keywords=digimon+anime&qid=1606435239&sr=8-22
The Amethyst Panda: A Monster Catching Gamelit Adventure (Maiyamon Book 2),$0.00,4.3 out of 5 stars,6,https://www.amazon.com/Amethyst-Panda-Catching-Adventure-Maiyamon-ebook/dp/B08JKXHT4P/ref=sr_1_24?dchild=1&keywords=digimon+anime&qid=1606435239&sr=8-24
Digimon Data Squad: Collection One,$31.98,4.4 out of 5 stars,35,https://www.amazon.com/Digimon-Data-Squad-Collection-One/dp/B001UJUH1C/ref=sr_1_27?dchild=1&keywords=digimon+anime&qid=1606435239&sr=8-27
Digimon Anime Fabric Wall Scroll Poster (16 x 22) Inches,$22.99,,,https://www.amazon.com/Digimon-Anime-Fabric-Wall-Scroll/dp/B00EN33OLW/ref=sr_1_28?dchild=1&keywords=digimon+anime&qid=1606435239&sr=8-28
Digimon Adventure Tri Part 5 Coexistence | Anime | NON-USA Format | Region B Import - Australia,$20.01,,,https://www.amazon.com/Digimon-Adventure-Coexistence-NON-USA-Format/dp/B07GW2LXFZ/ref=sr_1_29?dchild=1&keywords=digimon+anime&qid=1606435239&sr=8-29
"Digimon Fusion: Season 1, Volume 1",$9.48,4.6 out of 5 stars,23,https://www.amazon.com/Digimon-Fusion-Season-1/dp/B00ZE4ZY9Y/ref=sr_1_30?dchild=1&keywords=digimon+anime&qid=1606435239&sr=8-30
Digimon World: Next Order - PlayStation 4,$23.45,4.5 out of 5 stars,"Jan 31, 2017",https://www.amazon.com/Digimon-World-Next-Order-PlayStation-4/dp/B01LZ4MLV8/ref=sr_1_31?dchild=1&keywords=digimon+anime&qid=1606435239&sr=8-31
Anime Digimon Adventure Tri WarGreymon 925 Sterling Silver Ring Gift (Gold),$26.00,3.7 out of 5 stars,7,https://www.amazon.com/Shopular-Digimon-Adventure-WarGreymon-Sterling/dp/B0775NXCN3/ref=sr_1_32?dchild=1&keywords=digimon+anime&qid=1606435239&sr=8-32
Anime Digimon Adventure Tri MetalGarurumon 925 Sterling Silver Ring Gift (Silver),$33.00,3.3 out of 5 stars,2,https://www.amazon.com/Digimon-Adventure-MetalGarurumon-Sterling-Silver/dp/B0775RFJMP/ref=sr_1_33?dchild=1&keywords=digimon+anime&qid=1606435239&sr=8-33
Digimon Adventure Tri Part 4 Loss | Anime | NON-USA Format | PAL | Region 4 Import - Australia,$20.01,4.9 out of 5 stars,73,https://www.amazon.com/Digimon-Adventure-NON-USA-Format-Region/dp/B07CXYN8ZR/ref=sr_1_34?dchild=1&keywords=digimon+anime&qid=1606435239&sr=8-34
Digimon - The Digidestined Child [VHS],$10.50,2.8 out of 5 stars,7,https://www.amazon.com/Digimon-Digidestined-Child-Jane-Alan/dp/B00004YZEK/ref=sr_1_35?dchild=1&keywords=digimon+anime&qid=1606435239&sr=8-35
Digimon - Season 1,$24.98,4.4 out of 5 stars,26,https://www.amazon.com/Digimon-Season-1-Jane-Alan/dp/B00005221P/ref=sr_1_36?dchild=1&keywords=digimon+anime&qid=1606435239&sr=8-36
Fate Extella Link Standard Edition Nintendo Switch,$26.88,4.6 out of 5 stars,"Mar 12, 2019",https://www.amazon.com/Fate-Extella-Link-Standard-Nintendo-Switch/dp/B07K42B5BP/ref=sr_1_38?dchild=1&keywords=digimon+anime&qid=1606435239&sr=8-38
Digimon Adventure Tri: Complete Series | Anime | 6 Discs | NON USA Format | Region 4 Import - Australia,$54.06,,,https://www.amazon.com/Digimon-Adventure-Tri-Complete-Australia/dp/B084B84HKD/ref=sr_1_39?dchild=1&keywords=digimon+anime&qid=1606435239&sr=8-39
Digimon Adventure Tri. Part 3 Confession | Anime | NON-USA Format | PAL Region 4 Import - Australia,$23.64,,,https://www.amazon.com/Digimon-Adventure-Confession-NON-USA-Format/dp/B07923YG69/ref=sr_1_42?dchild=1&keywords=digimon+anime&qid=1606435239&sr=8-42
Digimon Anime Fabric Wall Scroll Poster (32 x 45) Inches,$28.99,5.0 out of 5 stars,1,https://www.amazon.com/Digimon-Anime-Fabric-Wall-Scroll/dp/B00EN33OOO/ref=sr_1_43?dchild=1&keywords=digimon+anime&qid=1606435239&sr=8-43
Digimon Adventure Tri Part 2 Determination | Anime | NON-USA Format | PAL | Region 4 Import - Australia,$23.64,,,https://www.amazon.com/Digimon-Adventure-Determination-NON-USA-Format/dp/B0788BR8BF/ref=sr_1_44?dchild=1&keywords=digimon+anime&qid=1606435239&sr=8-44
Digimon Adventure Tri. Part 1 Reunion | Anime Manga | NON-USA Format | PAL | Region 4 Import - Australia,$23.25,4.6 out of 5 stars,53,https://www.amazon.com/Digimon-Adventure-Reunion-NON-USA-Format/dp/B075K4CTN9/ref=sr_1_46?dchild=1&keywords=digimon+anime&qid=1606435239&sr=8-46
DIGIMON ADVENTURE TRI.-CH - MO [DVD] [2018],$33.28,4.8 out of 5 stars,129,https://www.amazon.com/DIGIMON-ADVENTURE-TRI-CH-MO-DVD/dp/B07PKBF3LZ/ref=sr_1_48?dchild=1&keywords=digimon+anime&qid=1606435239&sr=8-48
Digimon: The Official Seasons 1-4 Collection,$105.00,4.6 out of 5 stars,331,https://www.amazon.com/Digimon-Official-Seasons-1-4-Collection/dp/B00DYEBLYI/ref=sr_1_1?dchild=1&keywords=digimon+anime&qid=1606435243&sr=8-1
Digimon Adventure: Last Evolution Kizuna [Blu-ray],$16.87,4.9 out of 5 stars,415,https://www.amazon.com/Digimon-Adventure-Evolution-Kizuna-Blu-ray/dp/B087CSZ93R/ref=sr_1_2?dchild=1&keywords=digimon+anime&qid=1606435243&sr=8-2
Digimon Adventure: Volume 1,$12.99,4.8 out of 5 stars,121,https://www.amazon.com/Digimon-Adventure-1-Motoko-Kumai/dp/B008V8NQU4/ref=sr_1_3?dchild=1&keywords=digimon+anime&qid=1606435243&sr=8-3
Digimon Adventure: Volume 2,$7.50,4.8 out of 5 stars,120,https://www.amazon.com/Digimon-Adventure-2-Motoko-Kumai/dp/B009O07NDO/ref=sr_1_4?dchild=1&keywords=digimon+anime&qid=1606435243&sr=8-4
Digimon: Digital Monsters - The Official Second Season,$49.98,4.8 out of 5 stars,194,https://www.amazon.com/Digimon-Digital-Monsters-Official-Second/dp/B00A7GWGLS/ref=sr_1_5?dchild=1&keywords=digimon+anime&qid=1606435243&sr=8-5
The Official Digimon Adventure: Volume 3,$11.95,4.7 out of 5 stars,97,https://www.amazon.com/Official-Digimon-Adventure-3/dp/B00B9LNPH4/ref=sr_1_6?dchild=1&keywords=digimon+anime&qid=1606435243&sr=8-6
Digimon Adventure Tri.: Reunion (Bluray/DVD Combo) [Blu-ray],$14.97,4.7 out of 5 stars,157,https://www.amazon.com/Digimon-Adventure-Tri-Reunion-Blu-ray/dp/B06VSW8VLQ/ref=sr_1_7?dchild=1&keywords=digimon+anime&qid=1606435243&sr=8-7
Digimon Adventure tri.: The Complete 6-Film Collection (Blu-ray),$56.45,4.8 out of 5 stars,318,https://www.amazon.com/Digimon-Adventure-tri-Collection-Blu-ray/dp/B07J35QFQM/ref=sr_1_8?dchild=1&keywords=digimon+anime&qid=1606435243&sr=8-8
Digimon Adventure Tri.: Determination (Bluray/DVD Combo) [Blu-ray],$11.49,4.7 out of 5 stars,208,https://www.amazon.com/Digimon-Adventure-Tri-Determination-Blu-ray/dp/B0711CPGYL/ref=sr_1_9?dchild=1&keywords=digimon+anime&qid=1606435243&sr=8-9
Limited Anime Digimon Adventure Taichi Agumon Yamato Sora Takeru Hikari Digivice Keychain Sa Cosplay Props Gifts,$21.96,5.0 out of 5 stars,7,https://www.amazon.com/Limited-Digimon-Adventure-Digivice-Keychain/dp/B089D3M6XN/ref=sr_1_10?dchild=1&keywords=digimon+anime&qid=1606435243&sr=8-10
Digimon Adventure tri: Loss [Blu-ray],$8.99,4.8 out of 5 stars,203,https://www.amazon.com/Digimon-Adventure-tri-Loss-Blu-ray/dp/B0794L61NC/ref=sr_1_11?dchild=1&keywords=digimon+anime&qid=1606435243&sr=8-11
Digimon Fusion,$17.17,4.7 out of 5 stars,47,https://www.amazon.com/Digimon-Fusion-None/dp/B00PLYU726/ref=sr_1_12?dchild=1&keywords=digimon+anime&qid=1606435243&sr=8-12
Digimon Adventure tri.: Future [Blu-ray],$11.99,4.9 out of 5 stars,126,https://www.amazon.com/Digimon-Adventure-tri-Future-Blu-ray/dp/B07H62PHMN/ref=sr_1_13?dchild=1&keywords=digimon+anime&qid=1606435243&sr=8-13
Digimon Adventure: Volume 6,$19.95,4.6 out of 5 stars,29,https://www.amazon.com/Digimon-Adventure-6-Motoko-Kumai/dp/B00GOT1DNO/ref=sr_1_16?dchild=1&keywords=digimon+anime&qid=1606435243&sr=8-16
Digimon Adventure tri: Reunion,$3.99,4.7 out of 5 stars,2015,https://www.amazon.com/Digimon-Adventure-Johnny-Yong-Bosch/dp/B071VM4J7Y/ref=sr_1_18?dchild=1&keywords=digimon+anime&qid=1606435243&sr=8-18
Digimon Adventure: Volume 5,$19.95,4.7 out of 5 stars,36,https://www.amazon.com/Digimon-Adventure-5-Motoko-Kumai/dp/B00FGVRZGK/ref=sr_1_21?dchild=1&keywords=digimon+anime&qid=1606435243&sr=8-21
Digimon Adventure tri.: Coexistence,$6.99,4.8 out of 5 stars,149,https://www.amazon.com/Digimon-Adventure-tri-Coexistence-Various/dp/B07D35BG4K/ref=sr_1_22?dchild=1&keywords=digimon+anime&qid=1606435243&sr=8-22
The Amethyst Panda: A Monster Catching Gamelit Adventure (Maiyamon Book 2),$0.00,4.3 out of 5 stars,6,https://www.amazon.com/Amethyst-Panda-Catching-Adventure-Maiyamon-ebook/dp/B08JKXHT4P/ref=sr_1_24?dchild=1&keywords=digimon+anime&qid=1606435243&sr=8-24
Digimon Data Squad: Collection One,$31.98,4.4 out of 5 stars,35,https://www.amazon.com/Digimon-Data-Squad-Collection-One/dp/B001UJUH1C/ref=sr_1_27?dchild=1&keywords=digimon+anime&qid=1606435243&sr=8-27
Digimon Anime Fabric Wall Scroll Poster (16 x 22) Inches,$22.99,,,https://www.amazon.com/Digimon-Anime-Fabric-Wall-Scroll/dp/B00EN33OLW/ref=sr_1_28?dchild=1&keywords=digimon+anime&qid=1606435243&sr=8-28
Digimon Adventure Tri Part 5 Coexistence | Anime | NON-USA Format | Region B Import - Australia,$20.01,,,https://www.amazon.com/Digimon-Adventure-Coexistence-NON-USA-Format/dp/B07GW2LXFZ/ref=sr_1_29?dchild=1&keywords=digimon+anime&qid=1606435243&sr=8-29
"Digimon Fusion: Season 1, Volume 1",$9.48,4.6 out of 5 stars,23,https://www.amazon.com/Digimon-Fusion-Season-1/dp/B00ZE4ZY9Y/ref=sr_1_30?dchild=1&keywords=digimon+anime&qid=1606435243&sr=8-30
Digimon World: Next Order - PlayStation 4,$23.45,4.5 out of 5 stars,"Jan 31, 2017",https://www.amazon.com/Digimon-World-Next-Order-PlayStation-4/dp/B01LZ4MLV8/ref=sr_1_31?dchild=1&keywords=digimon+anime&qid=1606435243&sr=8-31
Anime Digimon Adventure Tri WarGreymon 925 Sterling Silver Ring Gift (Gold),$26.00,3.7 out of 5 stars,7,https://www.amazon.com/Shopular-Digimon-Adventure-WarGreymon-Sterling/dp/B0775NXCN3/ref=sr_1_32?dchild=1&keywords=digimon+anime&qid=1606435243&sr=8-32
Anime Digimon Adventure Tri MetalGarurumon 925 Sterling Silver Ring Gift (Silver),$33.00,3.3 out of 5 stars,2,https://www.amazon.com/Digimon-Adventure-MetalGarurumon-Sterling-Silver/dp/B0775RFJMP/ref=sr_1_33?dchild=1&keywords=digimon+anime&qid=1606435243&sr=8-33
Digimon Adventure Tri Part 4 Loss | Anime | NON-USA Format | PAL | Region 4 Import - Australia,$20.01,4.9 out of 5 stars,73,https://www.amazon.com/Digimon-Adventure-NON-USA-Format-Region/dp/B07CXYN8ZR/ref=sr_1_34?dchild=1&keywords=digimon+anime&qid=1606435243&sr=8-34
Digimon - The Digidestined Child [VHS],$10.50,2.8 out of 5 stars,7,https://www.amazon.com/Digimon-Digidestined-Child-Jane-Alan/dp/B00004YZEK/ref=sr_1_35?dchild=1&keywords=digimon+anime&qid=1606435243&sr=8-35
Digimon - Season 1,$24.98,4.4 out of 5 stars,26,https://www.amazon.com/Digimon-Season-1-Jane-Alan/dp/B00005221P/ref=sr_1_36?dchild=1&keywords=digimon+anime&qid=1606435243&sr=8-36
Fate Extella Link Standard Edition Nintendo Switch,$26.88,4.6 out of 5 stars,"Mar 12, 2019",https://www.amazon.com/Fate-Extella-Link-Standard-Nintendo-Switch/dp/B07K42B5BP/ref=sr_1_38?dchild=1&keywords=digimon+anime&qid=1606435243&sr=8-38
Digimon Adventure Tri: Complete Series | Anime | 6 Discs | NON USA Format | Region 4 Import - Australia,$54.06,,,https://www.amazon.com/Digimon-Adventure-Tri-Complete-Australia/dp/B084B84HKD/ref=sr_1_39?dchild=1&keywords=digimon+anime&qid=1606435243&sr=8-39
Digimon Adventure Tri. Part 3 Confession | Anime | NON-USA Format | PAL Region 4 Import - Australia,$23.64,,,https://www.amazon.com/Digimon-Adventure-Confession-NON-USA-Format/dp/B07923YG69/ref=sr_1_42?dchild=1&keywords=digimon+anime&qid=1606435243&sr=8-42
Digimon Anime Fabric Wall Scroll Poster (32 x 45) Inches,$28.99,5.0 out of 5 stars,1,https://www.amazon.com/Digimon-Anime-Fabric-Wall-Scroll/dp/B00EN33OOO/ref=sr_1_43?dchild=1&keywords=digimon+anime&qid=1606435243&sr=8-43
Digimon Adventure Tri Part 2 Determination | Anime | NON-USA Format | PAL | Region 4 Import - Australia,$23.64,,,https://www.amazon.com/Digimon-Adventure-Determination-NON-USA-Format/dp/B0788BR8BF/ref=sr_1_44?dchild=1&keywords=digimon+anime&qid=1606435243&sr=8-44
Digimon Adventure Tri. Part 1 Reunion | Anime Manga | NON-USA Format | PAL | Region 4 Import - Australia,$23.25,4.6 out of 5 stars,53,https://www.amazon.com/Digimon-Adventure-Reunion-NON-USA-Format/dp/B075K4CTN9/ref=sr_1_46?dchild=1&keywords=digimon+anime&qid=1606435243&sr=8-46
DIGIMON ADVENTURE TRI.-CH - MO [DVD] [2018],$33.28,4.8 out of 5 stars,129,https://www.amazon.com/DIGIMON-ADVENTURE-TRI-CH-MO-DVD/dp/B07PKBF3LZ/ref=sr_1_48?dchild=1&keywords=digimon+anime&qid=1606435243&sr=8-48
Digimon: The Official Seasons 1-4 Collection,$105.00,4.6 out of 5 stars,331,https://www.amazon.com/Digimon-Official-Seasons-1-4-Collection/dp/B00DYEBLYI/ref=sr_1_1?dchild=1&keywords=digimon+anime&qid=1606435253&sr=8-1
Digimon Adventure: Last Evolution Kizuna [Blu-ray],$16.87,4.9 out of 5 stars,415,https://www.amazon.com/Digimon-Adventure-Evolution-Kizuna-Blu-ray/dp/B087CSZ93R/ref=sr_1_2?dchild=1&keywords=digimon+anime&qid=1606435253&sr=8-2
Digimon Adventure: Volume 1,$12.99,4.8 out of 5 stars,121,https://www.amazon.com/Digimon-Adventure-1-Motoko-Kumai/dp/B008V8NQU4/ref=sr_1_3?dchild=1&keywords=digimon+anime&qid=1606435253&sr=8-3
Digimon Adventure: Volume 2,$7.50,4.8 out of 5 stars,120,https://www.amazon.com/Digimon-Adventure-2-Motoko-Kumai/dp/B009O07NDO/ref=sr_1_4?dchild=1&keywords=digimon+anime&qid=1606435253&sr=8-4
Digimon: Digital Monsters - The Official Second Season,$49.98,4.8 out of 5 stars,194,https://www.amazon.com/Digimon-Digital-Monsters-Official-Second/dp/B00A7GWGLS/ref=sr_1_5?dchild=1&keywords=digimon+anime&qid=1606435253&sr=8-5
The Official Digimon Adventure: Volume 3,$11.95,4.7 out of 5 stars,97,https://www.amazon.com/Official-Digimon-Adventure-3/dp/B00B9LNPH4/ref=sr_1_6?dchild=1&keywords=digimon+anime&qid=1606435253&sr=8-6
Digimon Adventure Tri.: Reunion (Bluray/DVD Combo) [Blu-ray],$14.97,4.7 out of 5 stars,157,https://www.amazon.com/Digimon-Adventure-Tri-Reunion-Blu-ray/dp/B06VSW8VLQ/ref=sr_1_7?dchild=1&keywords=digimon+anime&qid=1606435253&sr=8-7
Digimon Adventure tri.: The Complete 6-Film Collection (Blu-ray),$56.45,4.8 out of 5 stars,318,https://www.amazon.com/Digimon-Adventure-tri-Collection-Blu-ray/dp/B07J35QFQM/ref=sr_1_8?dchild=1&keywords=digimon+anime&qid=1606435253&sr=8-8
Digimon Adventure Tri.: Determination (Bluray/DVD Combo) [Blu-ray],$11.49,4.7 out of 5 stars,208,https://www.amazon.com/Digimon-Adventure-Tri-Determination-Blu-ray/dp/B0711CPGYL/ref=sr_1_9?dchild=1&keywords=digimon+anime&qid=1606435253&sr=8-9
Limited Anime Digimon Adventure Taichi Agumon Yamato Sora Takeru Hikari Digivice Keychain Sa Cosplay Props Gifts,$21.96,5.0 out of 5 stars,7,https://www.amazon.com/Limited-Digimon-Adventure-Digivice-Keychain/dp/B089D3M6XN/ref=sr_1_10?dchild=1&keywords=digimon+anime&qid=1606435253&sr=8-10
Digimon Adventure tri: Loss [Blu-ray],$8.99,4.8 out of 5 stars,203,https://www.amazon.com/Digimon-Adventure-tri-Loss-Blu-ray/dp/B0794L61NC/ref=sr_1_11?dchild=1&keywords=digimon+anime&qid=1606435253&sr=8-11
Digimon Fusion,$17.17,4.7 out of 5 stars,47,https://www.amazon.com/Digimon-Fusion-None/dp/B00PLYU726/ref=sr_1_12?dchild=1&keywords=digimon+anime&qid=1606435253&sr=8-12
Digimon Adventure tri.: Future [Blu-ray],$11.99,4.9 out of 5 stars,126,https://www.amazon.com/Digimon-Adventure-tri-Future-Blu-ray/dp/B07H62PHMN/ref=sr_1_13?dchild=1&keywords=digimon+anime&qid=1606435253&sr=8-13
Digimon Adventure: Volume 6,$19.95,4.6 out of 5 stars,29,https://www.amazon.com/Digimon-Adventure-6-Motoko-Kumai/dp/B00GOT1DNO/ref=sr_1_16?dchild=1&keywords=digimon+anime&qid=1606435253&sr=8-16
Digimon Adventure tri: Reunion,$3.99,4.7 out of 5 stars,2015,https://www.amazon.com/Digimon-Adventure-Johnny-Yong-Bosch/dp/B071VM4J7Y/ref=sr_1_18?dchild=1&keywords=digimon+anime&qid=1606435253&sr=8-18
Digimon Adventure: Volume 5,$19.95,4.7 out of 5 stars,36,https://www.amazon.com/Digimon-Adventure-5-Motoko-Kumai/dp/B00FGVRZGK/ref=sr_1_21?dchild=1&keywords=digimon+anime&qid=1606435253&sr=8-21
Digimon Adventure tri.: Coexistence,$6.99,4.8 out of 5 stars,149,https://www.amazon.com/Digimon-Adventure-tri-Coexistence-Various/dp/B07D35BG4K/ref=sr_1_22?dchild=1&keywords=digimon+anime&qid=1606435253&sr=8-22
The Amethyst Panda: A Monster Catching Gamelit Adventure (Maiyamon Book 2),$0.00,4.3 out of 5 stars,6,https://www.amazon.com/Amethyst-Panda-Catching-Adventure-Maiyamon-ebook/dp/B08JKXHT4P/ref=sr_1_24?dchild=1&keywords=digimon+anime&qid=1606435253&sr=8-24
Digimon Data Squad: Collection One,$31.98,4.4 out of 5 stars,35,https://www.amazon.com/Digimon-Data-Squad-Collection-One/dp/B001UJUH1C/ref=sr_1_27?dchild=1&keywords=digimon+anime&qid=1606435253&sr=8-27
Digimon Anime Fabric Wall Scroll Poster (16 x 22) Inches,$22.99,,,https://www.amazon.com/Digimon-Anime-Fabric-Wall-Scroll/dp/B00EN33OLW/ref=sr_1_28?dchild=1&keywords=digimon+anime&qid=1606435253&sr=8-28
Digimon Adventure Tri Part 5 Coexistence | Anime | NON-USA Format | Region B Import - Australia,$20.01,,,https://www.amazon.com/Digimon-Adventure-Coexistence-NON-USA-Format/dp/B07GW2LXFZ/ref=sr_1_29?dchild=1&keywords=digimon+anime&qid=1606435253&sr=8-29
"Digimon Fusion: Season 1, Volume 1",$9.48,4.6 out of 5 stars,23,https://www.amazon.com/Digimon-Fusion-Season-1/dp/B00ZE4ZY9Y/ref=sr_1_30?dchild=1&keywords=digimon+anime&qid=1606435253&sr=8-30
Digimon World: Next Order - PlayStation 4,$23.45,4.5 out of 5 stars,"Jan 31, 2017",https://www.amazon.com/Digimon-World-Next-Order-PlayStation-4/dp/B01LZ4MLV8/ref=sr_1_31?dchild=1&keywords=digimon+anime&qid=1606435253&sr=8-31
Anime Digimon Adventure Tri WarGreymon 925 Sterling Silver Ring Gift (Gold),$26.00,3.7 out of 5 stars,7,https://www.amazon.com/Shopular-Digimon-Adventure-WarGreymon-Sterling/dp/B0775NXCN3/ref=sr_1_32?dchild=1&keywords=digimon+anime&qid=1606435253&sr=8-32
Anime Digimon Adventure Tri MetalGarurumon 925 Sterling Silver Ring Gift (Silver),$33.00,3.3 out of 5 stars,2,https://www.amazon.com/Digimon-Adventure-MetalGarurumon-Sterling-Silver/dp/B0775RFJMP/ref=sr_1_33?dchild=1&keywords=digimon+anime&qid=1606435253&sr=8-33
Digimon Adventure Tri Part 4 Loss | Anime | NON-USA Format | PAL | Region 4 Import - Australia,$20.01,4.9 out of 5 stars,73,https://www.amazon.com/Digimon-Adventure-NON-USA-Format-Region/dp/B07CXYN8ZR/ref=sr_1_34?dchild=1&keywords=digimon+anime&qid=1606435253&sr=8-34
Digimon - The Digidestined Child [VHS],$10.50,2.8 out of 5 stars,7,https://www.amazon.com/Digimon-Digidestined-Child-Jane-Alan/dp/B00004YZEK/ref=sr_1_35?dchild=1&keywords=digimon+anime&qid=1606435253&sr=8-35
Digimon - Season 1,$24.98,4.4 out of 5 stars,26,https://www.amazon.com/Digimon-Season-1-Jane-Alan/dp/B00005221P/ref=sr_1_36?dchild=1&keywords=digimon+anime&qid=1606435253&sr=8-36
Fate Extella Link Standard Edition Nintendo Switch,$26.88,4.6 out of 5 stars,"Mar 12, 2019",https://www.amazon.com/Fate-Extella-Link-Standard-Nintendo-Switch/dp/B07K42B5BP/ref=sr_1_38?dchild=1&keywords=digimon+anime&qid=1606435253&sr=8-38
Digimon Adventure Tri: Complete Series | Anime | 6 Discs | NON USA Format | Region 4 Import - Australia,$54.06,,,https://www.amazon.com/Digimon-Adventure-Tri-Complete-Australia/dp/B084B84HKD/ref=sr_1_39?dchild=1&keywords=digimon+anime&qid=1606435253&sr=8-39
Digimon Adventure Tri. Part 3 Confession | Anime | NON-USA Format | PAL Region 4 Import - Australia,$23.64,,,https://www.amazon.com/Digimon-Adventure-Confession-NON-USA-Format/dp/B07923YG69/ref=sr_1_42?dchild=1&keywords=digimon+anime&qid=1606435253&sr=8-42
Digimon Anime Fabric Wall Scroll Poster (32 x 45) Inches,$28.99,5.0 out of 5 stars,1,https://www.amazon.com/Digimon-Anime-Fabric-Wall-Scroll/dp/B00EN33OOO/ref=sr_1_43?dchild=1&keywords=digimon+anime&qid=1606435253&sr=8-43
Digimon Adventure Tri Part 2 Determination | Anime | NON-USA Format | PAL | Region 4 Import - Australia,$23.64,,,https://www.amazon.com/Digimon-Adventure-Determination-NON-USA-Format/dp/B0788BR8BF/ref=sr_1_44?dchild=1&keywords=digimon+anime&qid=1606435253&sr=8-44
Digimon Adventure Tri. Part 1 Reunion | Anime Manga | NON-USA Format | PAL | Region 4 Import - Australia,$23.25,4.6 out of 5 stars,53,https://www.amazon.com/Digimon-Adventure-Reunion-NON-USA-Format/dp/B075K4CTN9/ref=sr_1_46?dchild=1&keywords=digimon+anime&qid=1606435253&sr=8-46
DIGIMON ADVENTURE TRI.-CH - MO [DVD] [2018],$33.28,4.8 out of 5 stars,129,https://www.amazon.com/DIGIMON-ADVENTURE-TRI-CH-MO-DVD/dp/B07PKBF3LZ/ref=sr_1_48?dchild=1&keywords=digimon+anime&qid=1606435253&sr=8-48
Digimon: The Official Seasons 1-4 Collection,$105.00,4.6 out of 5 stars,331,https://www.amazon.com/Digimon-Official-Seasons-1-4-Collection/dp/B00DYEBLYI/ref=sr_1_1?dchild=1&keywords=digimon+anime&qid=1606435264&sr=8-1
Digimon Adventure: Last Evolution Kizuna [Blu-ray],$16.87,4.9 out of 5 stars,415,https://www.amazon.com/Digimon-Adventure-Evolution-Kizuna-Blu-ray/dp/B087CSZ93R/ref=sr_1_2?dchild=1&keywords=digimon+anime&qid=1606435264&sr=8-2
Digimon Adventure: Volume 1,$12.99,4.8 out of 5 stars,121,https://www.amazon.com/Digimon-Adventure-1-Motoko-Kumai/dp/B008V8NQU4/ref=sr_1_3?dchild=1&keywords=digimon+anime&qid=1606435264&sr=8-3
Digimon Adventure: Volume 2,$7.50,4.8 out of 5 stars,120,https://www.amazon.com/Digimon-Adventure-2-Motoko-Kumai/dp/B009O07NDO/ref=sr_1_4?dchild=1&keywords=digimon+anime&qid=1606435264&sr=8-4
Digimon: Digital Monsters - The Official Second Season,$49.98,4.8 out of 5 stars,194,https://www.amazon.com/Digimon-Digital-Monsters-Official-Second/dp/B00A7GWGLS/ref=sr_1_5?dchild=1&keywords=digimon+anime&qid=1606435264&sr=8-5
The Official Digimon Adventure: Volume 3,$11.95,4.7 out of 5 stars,97,https://www.amazon.com/Official-Digimon-Adventure-3/dp/B00B9LNPH4/ref=sr_1_6?dchild=1&keywords=digimon+anime&qid=1606435264&sr=8-6
Digimon Adventure Tri.: Reunion (Bluray/DVD Combo) [Blu-ray],$14.97,4.7 out of 5 stars,157,https://www.amazon.com/Digimon-Adventure-Tri-Reunion-Blu-ray/dp/B06VSW8VLQ/ref=sr_1_7?dchild=1&keywords=digimon+anime&qid=1606435264&sr=8-7
Digimon Adventure tri.: The Complete 6-Film Collection (Blu-ray),$56.45,4.8 out of 5 stars,318,https://www.amazon.com/Digimon-Adventure-tri-Collection-Blu-ray/dp/B07J35QFQM/ref=sr_1_8?dchild=1&keywords=digimon+anime&qid=1606435264&sr=8-8
Digimon Adventure Tri.: Determination (Bluray/DVD Combo) [Blu-ray],$11.49,4.7 out of 5 stars,208,https://www.amazon.com/Digimon-Adventure-Tri-Determination-Blu-ray/dp/B0711CPGYL/ref=sr_1_9?dchild=1&keywords=digimon+anime&qid=1606435264&sr=8-9
Limited Anime Digimon Adventure Taichi Agumon Yamato Sora Takeru Hikari Digivice Keychain Sa Cosplay Props Gifts,$21.96,5.0 out of 5 stars,7,https://www.amazon.com/Limited-Digimon-Adventure-Digivice-Keychain/dp/B089D3M6XN/ref=sr_1_10?dchild=1&keywords=digimon+anime&qid=1606435264&sr=8-10
Digimon Adventure tri: Loss [Blu-ray],$8.99,4.8 out of 5 stars,203,https://www.amazon.com/Digimon-Adventure-tri-Loss-Blu-ray/dp/B0794L61NC/ref=sr_1_11?dchild=1&keywords=digimon+anime&qid=1606435264&sr=8-11
Digimon Fusion,$17.17,4.7 out of 5 stars,47,https://www.amazon.com/Digimon-Fusion-None/dp/B00PLYU726/ref=sr_1_12?dchild=1&keywords=digimon+anime&qid=1606435264&sr=8-12
Digimon Adventure tri.: Future [Blu-ray],$11.99,4.9 out of 5 stars,126,https://www.amazon.com/Digimon-Adventure-tri-Future-Blu-ray/dp/B07H62PHMN/ref=sr_1_13?dchild=1&keywords=digimon+anime&qid=1606435264&sr=8-13
Digimon Adventure: Volume 6,$19.95,4.6 out of 5 stars,29,https://www.amazon.com/Digimon-Adventure-6-Motoko-Kumai/dp/B00GOT1DNO/ref=sr_1_16?dchild=1&keywords=digimon+anime&qid=1606435264&sr=8-16
Digimon Adventure tri: Reunion,$3.99,4.7 out of 5 stars,2015,https://www.amazon.com/Digimon-Adventure-Johnny-Yong-Bosch/dp/B071VM4J7Y/ref=sr_1_18?dchild=1&keywords=digimon+anime&qid=1606435264&sr=8-18
Digimon Adventure: Volume 5,$19.95,4.7 out of 5 stars,36,https://www.amazon.com/Digimon-Adventure-5-Motoko-Kumai/dp/B00FGVRZGK/ref=sr_1_21?dchild=1&keywords=digimon+anime&qid=1606435264&sr=8-21
Digimon Adventure tri.: Coexistence,$6.99,4.8 out of 5 stars,149,https://www.amazon.com/Digimon-Adventure-tri-Coexistence-Various/dp/B07D35BG4K/ref=sr_1_22?dchild=1&keywords=digimon+anime&qid=1606435264&sr=8-22
The Amethyst Panda: A Monster Catching Gamelit Adventure (Maiyamon Book 2),$0.00,4.3 out of 5 stars,6,https://www.amazon.com/Amethyst-Panda-Catching-Adventure-Maiyamon-ebook/dp/B08JKXHT4P/ref=sr_1_24?dchild=1&keywords=digimon+anime&qid=1606435264&sr=8-24
Digimon Data Squad: Collection One,$31.98,4.4 out of 5 stars,35,https://www.amazon.com/Digimon-Data-Squad-Collection-One/dp/B001UJUH1C/ref=sr_1_27?dchild=1&keywords=digimon+anime&qid=1606435264&sr=8-27
Digimon Anime Fabric Wall Scroll Poster (16 x 22) Inches,$22.99,,,https://www.amazon.com/Digimon-Anime-Fabric-Wall-Scroll/dp/B00EN33OLW/ref=sr_1_28?dchild=1&keywords=digimon+anime&qid=1606435264&sr=8-28
Digimon Adventure Tri Part 5 Coexistence | Anime | NON-USA Format | Region B Import - Australia,$20.01,,,https://www.amazon.com/Digimon-Adventure-Coexistence-NON-USA-Format/dp/B07GW2LXFZ/ref=sr_1_29?dchild=1&keywords=digimon+anime&qid=1606435264&sr=8-29
"Digimon Fusion: Season 1, Volume 1",$9.48,4.6 out of 5 stars,23,https://www.amazon.com/Digimon-Fusion-Season-1/dp/B00ZE4ZY9Y/ref=sr_1_30?dchild=1&keywords=digimon+anime&qid=1606435264&sr=8-30
Digimon World: Next Order - PlayStation 4,$23.45,4.5 out of 5 stars,"Jan 31, 2017",https://www.amazon.com/Digimon-World-Next-Order-PlayStation-4/dp/B01LZ4MLV8/ref=sr_1_31?dchild=1&keywords=digimon+anime&qid=1606435264&sr=8-31
Anime Digimon Adventure Tri WarGreymon 925 Sterling Silver Ring Gift (Gold),$26.00,3.7 out of 5 stars,7,https://www.amazon.com/Shopular-Digimon-Adventure-WarGreymon-Sterling/dp/B0775NXCN3/ref=sr_1_32?dchild=1&keywords=digimon+anime&qid=1606435264&sr=8-32
Anime Digimon Adventure Tri MetalGarurumon 925 Sterling Silver Ring Gift (Silver),$33.00,3.3 out of 5 stars,2,https://www.amazon.com/Digimon-Adventure-MetalGarurumon-Sterling-Silver/dp/B0775RFJMP/ref=sr_1_33?dchild=1&keywords=digimon+anime&qid=1606435264&sr=8-33
Digimon Adventure Tri Part 4 Loss | Anime | NON-USA Format | PAL | Region 4 Import - Australia,$20.01,4.9 out of 5 stars,73,https://www.amazon.com/Digimon-Adventure-NON-USA-Format-Region/dp/B07CXYN8ZR/ref=sr_1_34?dchild=1&keywords=digimon+anime&qid=1606435264&sr=8-34
Digimon - The Digidestined Child [VHS],$10.50,2.8 out of 5 stars,7,https://www.amazon.com/Digimon-Digidestined-Child-Jane-Alan/dp/B00004YZEK/ref=sr_1_35?dchild=1&keywords=digimon+anime&qid=1606435264&sr=8-35
Digimon - Season 1,$24.98,4.4 out of 5 stars,26,https://www.amazon.com/Digimon-Season-1-Jane-Alan/dp/B00005221P/ref=sr_1_36?dchild=1&keywords=digimon+anime&qid=1606435264&sr=8-36
Fate Extella Link Standard Edition Nintendo Switch,$26.88,4.6 out of 5 stars,"Mar 12, 2019",https://www.amazon.com/Fate-Extella-Link-Standard-Nintendo-Switch/dp/B07K42B5BP/ref=sr_1_38?dchild=1&keywords=digimon+anime&qid=1606435264&sr=8-38
Digimon Adventure Tri: Complete Series | Anime | 6 Discs | NON USA Format | Region 4 Import - Australia,$54.06,,,https://www.amazon.com/Digimon-Adventure-Tri-Complete-Australia/dp/B084B84HKD/ref=sr_1_39?dchild=1&keywords=digimon+anime&qid=1606435264&sr=8-39
Digimon Adventure Tri. Part 3 Confession | Anime | NON-USA Format | PAL Region 4 Import - Australia,$23.64,,,https://www.amazon.com/Digimon-Adventure-Confession-NON-USA-Format/dp/B07923YG69/ref=sr_1_42?dchild=1&keywords=digimon+anime&qid=1606435264&sr=8-42
Digimon Anime Fabric Wall Scroll Poster (32 x 45) Inches,$28.99,5.0 out of 5 stars,1,https://www.amazon.com/Digimon-Anime-Fabric-Wall-Scroll/dp/B00EN33OOO/ref=sr_1_43?dchild=1&keywords=digimon+anime&qid=1606435264&sr=8-43
Digimon Adventure Tri Part 2 Determination | Anime | NON-USA Format | PAL | Region 4 Import - Australia,$23.64,,,https://www.amazon.com/Digimon-Adventure-Determination-NON-USA-Format/dp/B0788BR8BF/ref=sr_1_44?dchild=1&keywords=digimon+anime&qid=1606435264&sr=8-44
Digimon Adventure Tri. Part 1 Reunion | Anime Manga | NON-USA Format | PAL | Region 4 Import - Australia,$23.25,4.6 out of 5 stars,53,https://www.amazon.com/Digimon-Adventure-Reunion-NON-USA-Format/dp/B075K4CTN9/ref=sr_1_46?dchild=1&keywords=digimon+anime&qid=1606435264&sr=8-46
DIGIMON ADVENTURE TRI.-CH - MO [DVD] [2018],$33.28,4.8 out of 5 stars,129,https://www.amazon.com/DIGIMON-ADVENTURE-TRI-CH-MO-DVD/dp/B07PKBF3LZ/ref=sr_1_48?dchild=1&keywords=digimon+anime&qid=1606435264&sr=8-48
